RID,GroupAssignment,Age_Yrs,Year_of_Study,Live_Pets,Consumer_BARK,S1_1,L1_1,L1_2,L1_3,L1_4,L1_5,L1_6,L1_7,L1_8,L1_9,L1_10,L1_11,L1_12,L1_13,L1_14,L1_15,L1_16,L1_17,L1_18,L1_19,L1_20,SC1_1,SC1_2,SC1_3,SC1_4,SC1_5,SC1_6,SC1_7,SC1_8,SC1_9,SC1_10,SC1_11,SC1_12,SC1_13,SC1_14,SC1_15,SC1_16,SC1_17,SC1_18,SC1_19,SC1_20,S2_1,L2_1,L2_2,L2_3,L2_4,L2_5,L2_6,L2_7,L2_8,L2_9,L2_10,L2_11,L2_12,L2_13,L2_14,L2_15,L2_16,L2_17,L2_18,L2_19,L2_20,SC2_1,SC2_2,SC2_3,SC2_4,SC2_5,SC2_6,SC2_7,SC2_8,SC2_9,SC2_10,SC2_11,SC2_12,SC2_13,SC2_14,SC2_15,SC2_16,SC2_17,SC2_18,SC2_19,SC2_20
1,Control,21,3,2,1,2,3,3,4,3,2,3,1,2,3,4,3,1,3,1,2,3,2,3,2,4,5,4,5,5,5,2,1,6,5,6,5,2,6,2,4,4,1,3,2,1,2,3,2,1,2,3,3,1,2,3,3,2,2,1,1,3,4,2,2,3,4,4,4,4,4,4,2,3,4,4,1,1,4,2,1,3,3,1,1,2,4
2,Direct,19,1,2,1,2,3,2,3,3,4,3,2,2,4,3,2,2,1,2,4,3,3,2,4,3,5,6,2,4,6,3,1,5,1,4,2,6,1,6,4,6,2,4,6,1,1,4,2,2,3,4,4,1,1,4,4,2,2,2,3,4,4,3,2,4,4,5,6,1,4,6,2,2,5,1,6,2,6,2,6,4,5,2,NA,5,1
3,Indirect,18,1,2,1,4,3,3,2,3,3,4,2,3,3,3,2,2,2,2,3,3,4,3,3,3,3,4,2,3,4,4,3,3,2,5,3,5,3,5,4,5,3,3,4,2,3,3,2,3,3,3,3,2,3,3,3,2,2,3,2,3,3,3,2,3,3,4,4,5,4,4,2,3,4,2,5,3,4,3,5,3,4,2,3,4,3
4,Control,18,1,2,1,2,4,2,2,3,4,4,1,3,3,4,2,1,2,2,4,4,3,3,4,3,4,6,2,5,5,2,2,4,4,5,5,5,2,6,2,6,3,4,4,1,2,3,2,2,2,4,3,1,3,4,3,2,4,2,2,3,3,2,4,4,3,5,6,4,6,5,2,3,4,1,5,2,5,1,6,1,5,2,2,4,1
5,Direct,19,1,2,1,3,2,3,3,3,4,3,2,2,3,2,4,4,4,3,2,2,3,4,3,2,1,5,2,4,3,2,5,2,5,4,4,5,4,5,5,5,1,5,3,1,4,3,4,3,3,4,3,2,2,3,3,4,4,4,4,3,2,2,3,3,2,1,5,5,4,2,4,5,2,5,4,4,5,2,5,4,5,1,3,3,1
6,Indirect,20,2,2,1,4,4,3,3,3,3,2,2,3,3,2,3,3,3,2,3,2,4,3,2,2,3,6,4,5,4,1,3,5,2,5,2,4,3,4,2,3,2,3,3,3,4,3,3,2,2,3,2,3,3,4,3,3,2,2,3,3,3,4,3,3,3,2,6,3,6,4,1,4,6,2,4,2,5,2,4,3,5,1,2,4,3
7,Control,26,2,1,1,4,3,2,1,3,2,3,4,2,3,3,4,2,3,2,2,3,4,3,4,4,6,5,3,3,5,3,2,5,3,5,4,5,2,5,3,6,2,2,6,2,3,3,3,2,2,3,3,4,2,3,3,2,2,2,3,3,4,4,2,3,3,5,4,2,2,3,3,2,4,2,6,3,5,3,4,3,5,2,3,6,3
8,Direct,17,1,2,1,3,2,3,3,3,4,3,2,3,3,3,2,2,3,3,3,3,2,2,4,3,4,4,2,5,4,3,2,3,2,4,3,4,2,5,2,5,2,2,5,1,2,3,2,3,2,4,3,2,3,3,3,2,2,2,2,3,3,2,2,4,3,4,5,2,5,4,3,3,5,2,4,3,4,2,5,3,5,2,2,5,1
9,Indirect,21,3,2,1,2,3,4,3,4,4,3,2,3,2,3,2,1,4,3,3,3,4,2,3,2,3,4,2,3,5,3,5,4,4,4,4,5,2,6,4,5,2,3,6,2,2,3,4,4,4,4,3,1,3,3,3,3,1,3,3,2,2,3,2,3,2,4,4,1,2,4,3,4,4,4,5,5,4,3,6,4,5,1,3,5,2
10,Control,22,4,2,1,2,4,1,1,1,4,4,1,2,4,4,1,1,1,1,4,4,2,1,4,4,5,4,1,6,6,1,1,6,1,6,1,6,1,5,1,6,1,1,6,1,1,4,1,1,1,4,4,1,1,4,4,1,1,1,1,4,4,1,1,4,4,6,4,1,6,6,1,1,6,1,6,1,5,2,5,1,6,1,1,6,1
11,Direct,19,2,2,1,3,3,3,2,2,4,3,3,3,3,4,3,2,3,2,4,3,4,3,4,4,5,3,2,5,4,4,3,5,2,4,3,5,2,4,3,4,2,4,5,1,2,3,2,2,2,4,3,2,2,3,3,2,2,3,2,4,3,2,2,4,4,5,4,2,5,5,2,3,5,2,4,2,5,1,5,2,5,2,4,5,2
12,Indirect,20,2,2,1,2,3,3,2,3,4,3,2,2,3,3,2,2,4,3,2,2,2,2,3,3,5,5,2,5,4,4,3,2,4,4,4,5,2,2,4,5,2,2,4,2,2,3,3,2,3,4,3,2,3,3,3,2,2,3,2,3,2,2,2,3,3,4,4,3,4,4,3,2,2,2,4,2,5,2,3,3,4,2,2,3,1
13,Control,19,2,2,1,3,4,2,1,2,4,4,3,2,4,4,2,1,2,1,3,3,3,2,3,3,4,4,1,4,5,3,1,6,1,6,2,6,1,5,1,5,1,1,6,1,1,4,1,1,2,4,4,1,2,4,4,2,2,1,1,3,4,2,1,4,4,5,5,1,5,6,2,1,6,1,6,2,6,1,5,2,5,1,1,6,1
14,Direct,19,2,2,1,4,4,3,3,3,4,3,2,3,4,4,2,2,2,3,4,4,3,1,4,4,5,5,2,5,6,3,1,5,2,5,3,6,2,5,1,6,1,2,6,2,2,4,3,2,2,4,4,2,3,4,4,1,4,3,2,4,3,1,1,4,4,5,5,1,6,6,2,1,5,2,5,2,5,2,5,1,6,1,2,5,2
15,Indirect,21,3,NA,2,3,4,1,1,2,4,4,2,2,4,4,2,2,2,2,4,4,1,2,4,4,6,4,2,6,6,1,1,6,1,6,2,5,1,6,1,6,1,1,6,1,4,3,2,1,1,4,4,2,1,4,4,1,1,1,1,4,4,1,1,4,4,6,5,1,6,5,1,1,6,2,5,2,6,1,5,1,6,1,1,6,1
16,Control,17,1,2,2,2,2,4,3,4,2,2,2,4,3,2,4,1,4,4,2,4,4,3,2,2,1,3,4,2,3,5,6,4,6,4,4,2,2,5,4,4,2,4,4,2,2,2,4,3,4,3,2,3,4,3,1,4,2,4,4,3,2,4,3,2,2,1,2,4,3,3,5,5,4,6,1,5,1,5,5,4,2,2,6,4,2
17,Direct,18,1,2,1,4,3,3,3,3,3,2,3,3,2,2,3,3,3,4,2,2,1,3,3,3,4,3,4,6,3,5,3,4,3,4,3,6,4,2,6,4,3,3,1,3,2,3,3,3,3,3,3,3,3,2,2,3,2,3,3,2,2,2,2,3,2,4,3,4,4,3,4,4,4,3,3,4,4,3,3,4,4,2,3,3,4
18,Indirect,18,1,1,1,2,4,2,1,2,4,4,3,2,3,3,2,1,2,1,3,2,4,2,4,4,3,4,1,4,6,2,1,5,1,5,2,5,2,5,2,5,2,2,5,1,1,4,1,2,2,4,4,2,2,4,4,2,2,2,2,4,4,3,3,4,4,3,5,1,5,5,1,2,5,2,5,2,5,2,6,2,5,2,2,5,2
19,Control,19,2,2,1,4,4,1,1,2,3,3,2,2,4,4,1,2,2,1,4,4,1,2,4,4,5,6,2,5,6,1,2,5,2,6,2,5,2,4,2,5,1,3,5,2,3,4,1,1,1,3,3,2,2,4,3,1,1,2,2,4,4,2,1,4,4,6,6,2,6,6,1,1,6,2,5,2,5,2,5,1,6,1,2,6,2
20,Direct,18,1,1,1,4,3,2,3,3,4,3,3,2,3,3,3,2,3,2,3,2,3,3,2,3,3,3,2,4,4,3,2,4,2,5,3,5,2,5,3,5,2,2,6,2,2,3,2,2,2,4,3,2,3,3,3,3,2,2,3,3,3,3,2,3,3,3,4,1,3,5,3,2,4,2,5,3,4,2,6,2,5,2,2,6,2
21,Indirect,19,2,1,1,3,1,4,4,4,2,2,4,4,3,2,4,4,4,4,1,2,4,4,2,2,2,2,5,1,1,4,5,2,6,1,5,2,5,3,5,2,6,6,2,4,4,2,4,4,4,2,2,4,4,2,1,4,3,4,4,2,2,4,4,2,2,1,2,5,1,1,5,5,2,6,2,5,2,5,3,5,2,6,5,2,5
22,Control,19,2,2,1,3,4,3,1,2,4,4,1,1,3,4,2,2,1,1,3,4,1,1,4,4,4,5,1,5,5,1,1,5,1,6,1,6,1,5,2,6,1,1,6,1,3,4,3,1,1,4,4,1,1,3,4,1,1,1,1,3,4,2,2,4,4,5,5,1,5,5,2,2,5,1,6,1,6,1,4,2,5,1,1,6,1
23,Direct,20,1,2,2,2,2,3,2,3,3,3,2,1,2,2,3,1,1,2,2,2,4,2,4,4,2,3,2,4,2,3,5,4,5,5,5,4,4,5,3,4,5,6,3,2,1,2,2,2,3,2,2,1,2,3,2,4,1,2,2,2,3,3,4,4,4,5,3,2,5,3,3,3,5,4,5,4,3,3,2,4,3,5,4,2,3
24,Indirect,19,1,2,1,5,3,4,3,3,3,3,2,3,3,2,3,3,3,3,3,3,4,3,3,3,3,4,2,4,4,4,4,4,5,3,5,4,4,5,3,4,2,4,4,3,4,3,3,3,3,3,3,3,3,3,2,3,3,3,3,3,3,4,3,3,3,3,4,3,4,4,4,4,3,4,4,4,4,3,5,4,4,2,4,4,3
25,Control,20,3,1,1,2,4,2,1,2,3,3,1,2,4,4,2,3,2,2,4,4,3,2,4,4,3,5,1,5,6,1,3,4,4,5,2,6,2,5,2,6,3,2,5,2,1,4,2,1,2,4,3,1,2,4,3,1,3,2,2,4,4,2,2,4,4,4,5,1,6,5,1,2,5,2,5,2,5,1,6,1,6,2,1,6,1
26,Direct,19,2,2,2,3,2,3,3,3,3,3,2,4,2,3,1,3,3,3,3,2,4,3,2,3,2,6,3,3,4,4,4,5,5,2,4,5,5,4,5,4,2,2,5,1,2,2,3,2,2,3,3,3,3,3,3,1,3,3,2,3,3,4,2,3,3,3,5,4,3,5,4,4,5,3,4,4,6,3,5,3,6,1,4,5,1
27,Indirect,21,3,2,1,3,3,2,2,2,4,3,1,2,4,4,2,2,2,3,2,3,2,3,3,3,3,3,2,5,5,2,3,4,2,4,3,5,2,5,2,6,1,1,5,1,2,3,3,2,2,4,3,2,1,4,2,1,2,2,1,3,2,3,2,3,4,5,4,1,5,4,2,2,5,1,4,2,4,2,5,1,5,1,2,5,1
28,Control,17,1,2,1,1,3,4,2,3,4,3,2,3,4,3,2,2,3,2,3,3,2,1,4,4,5,4,2,4,5,2,3,3,5,4,3,5,2,5,2,5,1,4,5,2,2,3,3,2,2,4,3,2,2,4,3,2,2,2,2,2,4,1,2,3,4,5,4,2,4,4,2,2,4,1,5,1,4,2,4,2,5,1,2,4,1
29,Direct,17,1,2,1,4,4,2,2,2,4,2,2,3,3,3,1,3,4,2,4,2,1,3,3,3,5,4,3,5,4,3,4,5,4,4,3,3,3,5,3,4,6,4,4,5,2,3,2,2,2,3,2,3,2,3,2,1,2,4,2,4,2,1,2,4,4,5,4,4,4,3,5,4,5,4,4,3,4,4,5,4,3,5,4,4,5
30,Indirect,18,1,2,1,4,4,3,2,3,4,4,2,3,4,3,2,2,3,3,3,3,3,3,4,4,3,4,1,3,4,3,2,4,3,5,4,6,2,2,3,4,2,3,6,1,3,3,2,2,3,4,4,3,3,3,4,2,2,3,2,4,3,3,3,4,4,3,4,1,3,4,3,3,4,3,4,4,4,3,2,3,4,2,3,5,2
31,Control,21,2,1,1,4,3,2,2,2,2,3,1,2,4,3,3,4,3,2,4,3,2,2,4,3,3,4,5,3,2,6,6,3,4,5,4,4,4,2,5,5,4,3,5,2,3,3,2,2,2,3,3,2,3,3,3,3,3,2,2,3,3,2,2,4,3,4,2,4,5,4,4,5,5,4,3,4,5,4,3,5,5,3,3,5,3
32,Direct,20,3,2,2,4,4,3,1,2,3,4,2,2,4,3,3,3,3,2,3,4,2,3,4,4,4,4,2,4,4,3,2,4,1,5,3,5,3,5,2,5,1,3,6,1,2,3,3,1,2,4,4,2,2,4,3,3,2,2,2,4,4,2,3,4,4,4,4,1,4,5,2,2,5,1,5,3,5,2,5,2,5,1,3,5,1
33,Indirect,20,2,1,1,5,3,1,2,3,3,2,3,2,3,3,3,2,3,3,4,3,2,2,4,4,3,2,2,4,5,5,2,4,3,5,4,4,3,4,5,5,2,4,4,1,3,3,1,1,1,3,3,2,2,4,3,2,1,2,2,4,4,2,2,4,4,6,4,2,5,4,3,2,6,2,5,3,5,2,5,4,6,2,2,5,2
34,Control,18,1,2,2,2,3,3,2,3,4,3,2,2,3,4,3,2,2,3,3,3,3,2,4,4,4,2,1,3,5,2,2,3,2,4,2,6,2,5,3,6,2,2,5,1,2,3,2,2,3,4,4,2,2,3,3,2,2,2,2,3,3,3,2,4,4,4,3,1,3,5,2,2,3,2,4,3,5,2,4,2,4,2,2,4,2
35,Direct,18,1,2,1,2,4,3,2,2,4,4,3,1,4,3,3,2,2,2,4,3,2,3,4,4,3,5,1,5,5,4,3,4,4,5,4,6,2,5,2,6,2,2,5,2,1,4,1,1,2,4,4,2,2,4,4,2,2,2,1,4,4,2,2,4,4,5,5,2,5,5,3,3,5,2,5,NA,6,2,6,2,5,2,2,5,2
36,Indirect,18,1,2,1,3,3,2,3,2,4,3,2,2,2,3,2,2,3,2,3,3,3,2,3,3,2,4,2,3,4,2,2,4,2,5,2,4,3,2,2,4,2,2,4,2,2,3,1,3,2,3,3,2,2,2,3,2,2,2,1,3,3,3,2,3,3,2,4,2,3,5,2,2,3,2,4,2,4,2,4,2,4,2,2,4,2
37,Control,20,3,2,1,4,2,3,3,3,2,2,3,3,3,2,4,3,3,3,2,3,4,3,3,2,2,4,3,2,3,4,5,5,5,6,4,2,4,2,3,5,5,5,5,1,3,2,3,2,3,3,2,3,4,3,3,3,3,3,3,2,2,4,2,3,2,3,4,3,2,5,4,3,5,4,6,3,3,3,2,4,5,4,4,6,1
38,Direct,18,1,2,1,3,2,3,2,2,3,3,2,2,4,3,2,1,2,3,3,4,3,2,4,4,3,3,2,4,3,2,2,4,3,5,2,5,2,4,2,4,3,2,5,1,2,3,2,2,2,3,3,2,2,3,3,2,2,2,2,3,4,3,2,4,4,3,4,3,4,5,2,3,5,2,5,3,5,2,4,2,4,2,3,5,3
39,Indirect,20,3,2,1,2,4,2,1,2,4,4,1,2,4,4,2,2,1,2,4,3,3,2,4,NA,5,5,1,4,5,2,1,5,2,5,2,6,2,5,1,5,3,2,6,1,2,3,1,1,2,4,3,2,2,4,4,2,2,1,2,4,3,2,2,4,4,5,5,1,5,4,2,1,5,1,5,2,4,2,5,2,5,3,2,6,2
40,Control,17,1,2,1,4,3,3,3,2,3,3,3,2,2,2,3,2,3,2,4,2,4,3,3,4,3,5,2,3,2,1,3,3,2,4,2,5,2,3,2,5,4,3,3,2,3,3,2,2,2,3,3,2,2,2,2,3,3,3,2,3,2,4,3,3,3,2,5,2,3,3,2,3,3,1,4,2,4,3,3,2,4,3,3,3,3
41,Direct,18,1,2,1,4,4,1,2,2,4,3,3,2,3,3,3,2,2,3,3,4,3,2,4,4,3,4,2,3,5,2,3,4,3,5,4,6,2,5,3,5,2,2,6,2,3,4,1,2,2,4,4,2,2,3,4,3,2,2,2,4,4,3,2,4,4,3,5,2,3,5,3,3,4,2,5,3,6,2,5,2,6,2,2,5,1
42,Indirect,21,2,2,1,4,3,1,1,3,3,3,1,2,2,4,3,2,1,3,4,4,4,3,4,4,1,3,2,1,5,4,2,2,4,6,4,3,5,4,4,4,3,5,5,2,3,2,1,1,3,3,3,1,3,2,3,2,2,1,3,4,4,4,3,4,4,1,2,2,2,5,4,3,NA,4,5,4,3,4,5,4,5,2,4,5,2
43,Control,19,2,2,1,4,4,3,1,3,3,4,2,1,4,3,2,1,3,2,4,3,1,2,4,4,6,4,2,4,4,2,2,5,3,4,4,6,2,6,2,6,1,1,6,1,4,4,3,1,3,4,3,2,2,4,3,2,2,3,2,4,3,1,2,4,4,6,5,1,4,4,3,2,5,2,4,4,6,1,6,2,6,1,2,6,2
44,Direct,21,2,1,1,4,3,2,2,3,2,3,3,2,3,3,3,2,3,4,3,3,3,3,3,3,1,4,2,2,5,2,5,5,4,5,3,5,2,4,4,4,2,2,5,2,3,3,3,2,2,2,3,2,2,3,3,3,1,2,3,3,3,3,2,3,4,2,4,2,2,5,3,2,5,4,5,4,4,3,3,4,5,2,2,5,2
45,Indirect,19,2,1,1,4,3,2,2,2,4,4,1,3,3,4,2,2,2,1,4,3,3,2,4,4,4,4,1,4,5,2,2,5,1,5,1,6,2,5,1,6,1,1,6,4,3,4,2,1,1,4,4,2,3,4,4,2,2,2,1,4,3,2,2,4,4,5,4,1,5,5,2,2,4,1,5,2,5,2,5,2,5,1,2,6,2
46,Control,19,1,2,1,4,3,3,2,2,3,3,2,2,2,3,2,3,3,2,3,3,4,3,2,3,2,4,3,3,4,3,4,2,4,3,4,4,4,5,4,3,3,4,3,4,4,2,3,3,3,2,3,3,2,2,3,2,3,3,3,3,2,4,3,3,2,2,4,4,3,3,4,4,2,4,3,4,4,4,5,3,3,3,4,3,4
47,Direct,19,2,2,1,4,2,4,4,4,2,2,4,3,3,2,3,4,4,4,2,2,3,4,2,2,2,2,6,1,1,6,4,2,5,2,6,3,5,2,5,3,5,5,1,6,2,3,4,4,4,2,3,4,2,3,2,3,4,4,3,2,2,3,3,2,2,3,4,5,3,4,5,3,2,4,2,4,3,2,1,4,3,5,4,1,4
48,Indirect,22,2,1,1,3,3,4,3,3,3,3,3,3,3,3,2,2,2,3,2,3,3,3,4,4,4,5,3,3,4,5,5,3,5,4,5,2,5,4,5,4,4,5,5,2,4,3,3,2,2,3,2,3,3,3,3,2,3,4,3,2,3,3,3,4,4,4,5,3,4,3,5,5,5,5,4,5,2,4,NA,5,4,4,4,4,2
49,Control,20,2,1,1,2,4,3,3,3,4,2,4,3,3,2,4,2,3,4,3,3,4,2,4,3,1,4,2,2,4,3,4,3,5,3,4,3,4,5,3,5,4,3,6,1,2,3,3,3,3,4,3,3,3,3,3,4,3,3,4,3,3,4,2,3,3,1,3,3,4,3,4,4,3,4,3,4,2,3,5,3,4,4,4,6,4
50,Direct,19,1,2,1,1,3,2,1,2,4,3,3,3,4,4,2,2,3,2,3,4,2,2,4,4,6,5,1,6,4,1,1,4,1,6,2,3,3,4,1,6,3,2,6,1,1,4,2,1,2,4,3,2,2,4,4,2,1,2,2,3,4,3,2,4,4,5,5,2,5,4,2,1,6,1,6,2,5,5,5,1,6,1,1,5,1
51,Indirect,20,1,2,1,5,2,2,1,3,2,2,3,2,2,2,4,2,2,3,3,4,4,3,4,3,4,3,3,2,3,4,3,5,5,6,3,4,3,5,3,4,5,4,5,2,1,3,2,2,2,2,3,2,2,2,3,3,2,2,2,3,3,2,2,4,4,4,5,2,3,5,2,2,5,2,4,3,4,2,4,2,4,2,2,4,2
52,Control,19,1,2,1,2,3,3,2,3,3,4,3,4,3,4,3,3,4,2,3,2,3,4,3,2,1,4,2,3,4,5,3,6,3,4,4,5,3,5,3,5,4,5,4,2,2,2,3,3,3,3,2,3,4,3,3,3,3,3,3,2,2,3,4,3,3,1,4,3,2,4,4,5,5,4,4,4,5,3,5,4,3,4,3,4,4
53,Direct,19,2,2,1,4,3,3,3,4,4,NA,2,2,3,3,2,3,3,4,2,3,3,3,2,3,2,5,3,3,4,3,3,3,3,2,4,4,3,4,5,4,2,4,4,2,2,4,3,2,3,4,4,2,2,3,4,2,2,2,3,3,3,3,2,3,3,3,5,3,5,5,3,3,3,3,4,5,5,3,4,2,5,2,3,4,3
54,Indirect,22,4,2,1,5,4,4,2,4,3,4,1,2,4,4,2,1,2,1,3,4,3,1,4,4,4,4,2,4,5,2,1,5,2,5,2,5,2,5,1,5,3,2,5,1,5,3,4,2,4,4,3,2,2,3,4,3,1,3,3,2,3,3,2,4,4,3,5,2,4,5,2,2,5,2,5,2,5,2,5,1,5,4,2,5,1
55,Control,19,2,2,3,3,3,2,1,2,4,3,1,2,3,4,2,1,1,2,4,4,2,2,4,4,5,5,2,5,6,2,2,5,2,5,1,5,2,5,1,5,1,2,6,1,2,3,2,1,1,4,3,1,2,4,4,2,1,1,2,4,4,2,2,4,4,5,5,1,5,5,1,1,4,1,5,1,6,2,6,2,5,1,2,6,1
56,Direct,20,1,2,1,3,3,4,3,4,4,2,2,2,4,3,2,2,1,2,3,3,3,3,4,3,6,5,2,4,6,2,3,5,4,5,2,4,2,5,2,6,1,3,5,2,1,3,2,2,3,4,3,2,3,3,3,2,2,2,2,4,3,2,2,3,3,5,5,1,4,5,2,2,5,3,5,3,5,2,5,2,5,1,2,6,2
57,Indirect,20,3,2,1,3,2,4,3,3,2,3,4,3,3,2,3,2,4,4,3,2,3,3,3,3,2,2,5,3,2,5,4,3,4,5,3,4,4,3,3,4,4,4,2,3,2,NA,3,3,3,2,3,3,3,3,2,3,2,3,3,2,3,3,3,3,3,3,3,4,4,4,4,4,4,4,2,3,3,4,4,3,4,3,4,2,3
58,Control,31,4,2,1,3,3,2,3,3,2,2,3,4,3,3,4,3,3,4,4,3,3,4,3,3,5,4,3,4,4,3,4,5,5,4,3,4,3,2,1,4,4,4,4,4,3,3,3,3,3,2,3,3,3,2,3,4,3,3,3,3,3,3,4,3,3,5,4,4,4,4,4,4,4,5,4,5,4,5,2,4,4,4,4,4,4
59,Direct,22,2,1,1,3,2,3,3,3,2,2,3,3,2,2,3,3,3,3,2,2,3,3,2,2,1,2,5,2,3,4,4,1,5,2,5,4,4,1,4,4,4,4,1,4,2,2,3,3,3,3,2,3,3,2,3,3,3,3,3,3,2,3,3,3,3,1,3,5,2,2,3,4,3,5,3,4,4,4,2,3,3,4,4,2,5
60,Indirect,18,1,2,1,2,3,3,2,2,4,4,3,1,3,4,2,1,1,1,4,4,3,2,4,4,4,6,2,4,5,3,3,5,1,5,4,5,2,6,1,5,1,1,6,1,1,4,2,1,1,4,3,1,1,4,4,2,1,2,1,4,3,3,2,4,4,5,5,1,4,6,2,2,5,1,4,2,6,1,6,2,5,1,1,6,1
61,Control,19,2,2,1,3,4,2,1,2,4,4,2,2,4,4,3,2,4,2,3,4,3,3,4,4,3,4,2,5,5,2,1,5,1,6,2,5,2,5,1,5,2,2,6,1,2,4,2,1,2,4,4,1,2,4,4,2,2,2,2,4,4,3,2,4,4,3,4,1,5,4,2,2,5,1,6,2,5,2,5,2,5,1,2,6,1
62,Direct,19,1,1,1,3,3,2,1,2,4,4,2,3,3,3,2,2,2,2,3,3,2,2,3,3,4,5,3,4,5,2,3,5,3,5,2,5,2,4,2,5,1,2,4,2,1,3,2,1,2,4,4,2,2,3,3,2,1,2,1,3,3,2,2,4,4,5,5,3,NA,5,1,2,5,1,5,2,5,2,4,2,5,NA,2,4,2
63,Indirect,31,3,2,1,2,3,3,1,2,3,2,2,3,3,3,3,2,1,2,3,3,2,3,4,4,5,4,2,4,4,2,4,4,4,5,3,3,4,4,2,4,4,3,5,4,1,3,3,2,3,3,3,1,3,3,3,3,2,3,3,4,3,2,3,3,4,5,4,2,5,4,2,3,4,4,4,3,3,4,4,3,4,4,3,5,3
64,Control,18,1,2,1,3,2,3,2,3,4,2,2,3,2,3,4,1,2,4,2,3,4,3,4,4,1,2,2,2,3,3,4,1,4,5,4,2,5,2,4,3,3,4,6,2,4,2,3,4,3,4,2,3,3,2,2,4,2,3,3,3,3,4,3,3,3,1,2,3,2,2,4,4,1,4,5,4,2,5,4,4,2,4,4,6,3
65,Direct,27,2,1,1,4,3,2,1,2,4,3,2,3,4,3,2,2,1,1,3,3,4,2,3,4,3,5,1,5,4,1,1,4,1,5,1,5,2,4,1,6,1,4,5,1,1,4,1,1,1,3,3,1,1,4,3,1,1,2,1,3,4,1,1,3,4,5,6,1,5,5,1,1,5,1,6,1,5,1,5,1,6,1,1,5,1
66,Indirect,20,2,2,1,2,2,3,1,2,2,3,2,2,4,3,3,3,2,2,3,3,2,4,4,4,5,5,3,6,4,1,3,5,3,4,3,5,2,6,2,5,5,2,2,1,3,2,1,4,3,3,3,3,3,4,2,3,3,1,3,2,3,1,3,4,4,6,5,3,6,4,1,4,5,3,3,2,5,2,5,1,5,5,3,2,2
67,Control,19,2,2,1,4,4,1,1,1,4,3,1,2,4,4,1,1,1,1,4,4,2,2,4,4,5,4,1,3,5,1,1,5,1,6,1,6,1,5,1,5,3,1,6,1,3,4,1,1,1,4,3,1,2,4,4,1,1,1,1,4,4,2,1,4,4,6,4,1,3,6,2,1,5,1,5,1,5,1,5,2,5,4,2,6,1
68,Direct,18,1,NA,1,3,3,3,2,2,4,4,1,1,3,4,2,1,3,2,3,2,4,3,4,4,3,5,1,3,5,2,1,6,2,4,2,5,2,6,1,5,1,1,6,1,2,3,2,1,2,4,4,1,2,3,4,1,1,2,1,4,3,2,2,4,4,4,5,1,5,5,1,2,6,1,3,1,5,1,6,1,5,1,1,6,1
69,Indirect,21,4,2,1,3,3,2,1,2,4,4,2,3,3,3,2,2,2,2,4,3,3,2,4,4,4,4,1,4,5,2,2,4,1,5,3,5,2,6,1,5,1,2,6,2,2,3,2,2,2,4,3,2,3,3,4,2,2,2,2,4,3,3,2,4,4,4,4,1,4,4,2,1,4,1,5,2,4,1,5,1,5,1,1,6,1
70,Control,27,3,1,2,4,2,3,3,3,3,2,3,2,4,3,3,3,3,4,2,3,3,3,3,2,4,3,4,5,4,5,5,5,6,5,5,4,4,4,5,5,2,4,3,1,4,3,3,3,3,3,2,3,2,4,3,3,3,3,3,2,3,2,3,3,3,5,4,6,6,4,2,3,5,2,5,4,3,4,6,5,5,2,4,4,1
71,Direct,22,4,2,1,4,3,3,2,1,4,3,2,2,3,3,2,3,2,1,3,3,2,2,4,4,2,4,2,4,5,1,2,4,2,5,2,5,5,4,2,5,2,3,4,2,2,3,2,2,1,4,3,1,3,3,3,2,2,1,2,4,3,2,2,4,3,3,4,2,4,5,2,3,4,2,5,2,5,2,4,3,5,2,2,4,3
72,Indirect,18,1,2,1,3,3,4,2,3,3,3,2,3,4,3,4,2,3,3,2,3,3,2,3,3,4,4,2,4,3,2,4,2,6,3,3,3,2,4,2,4,5,4,6,3,2,2,4,2,3,3,3,3,3,4,3,4,3,4,3,3,3,3,3,3,4,5,4,2,5,3,3,3,3,6,4,5,3,2,4,2,4,6,5,6,3
73,Control,20,3,1,1,3,4,1,1,2,4,4,1,2,3,4,2,2,2,2,4,4,3,2,4,4,2,3,2,2,5,2,2,4,2,5,3,5,2,5,2,5,3,3,4,2,2,4,2,1,2,4,4,1,2,3,4,1,2,2,1,4,4,3,2,4,4,2,2,2,2,5,4,2,4,2,5,2,5,2,4,3,5,2,2,5,2
74,Direct,20,3,1,1,2,4,1,2,2,4,4,2,2,4,4,2,1,2,1,4,4,3,1,4,4,2,5,1,5,6,1,1,4,1,5,1,6,1,5,2,5,1,1,6,1,1,4,1,1,1,4,4,1,1,4,4,1,1,1,1,4,4,2,1,4,4,3,5,1,5,6,1,1,6,1,6,1,5,1,5,1,6,1,1,6,1
75,Indirect,19,1,2,2,3,3,3,2,3,4,4,2,2,4,4,2,2,2,2,3,3,2,3,4,4,5,3,1,5,5,3,2,4,1,5,1,6,1,5,2,5,1,1,6,2,2,3,2,1,1,4,4,1,1,4,4,2,1,1,2,4,4,1,2,4,4,5,3,1,6,6,2,2,6,1,5,2,5,1,4,2,6,1,1,6,1
76,Control,20,1,2,1,2,3,2,1,1,3,3,2,2,3,2,2,2,2,2,4,3,3,3,4,4,5,5,2,4,5,1,2,4,3,5,1,6,1,4,1,5,1,2,6,1,2,3,2,1,1,3,3,2,2,3,3,2,2,1,1,4,4,2,2,4,4,5,4,2,5,5,1,1,4,1,5,1,6,1,4,2,5,1,2,5,2
77,Direct,18,1,2,1,3,3,2,3,4,3,3,2,4,3,3,4,2,3,4,3,3,4,3,4,3,5,5,3,4,5,3,5,3,4,5,5,5,4,3,4,5,3,4,5,3,2,3,3,2,3,3,3,3,3,3,3,4,1,3,3,4,3,4,3,4,4,5,3,2,4,4,3,4,3,4,5,4,5,3,5,3,5,3,4,5,3
78,Indirect,18,1,2,1,3,4,2,2,3,3,4,2,2,4,3,1,1,3,2,3,3,2,2,3,3,5,5,2,5,4,2,3,5,2,5,2,4,4,3,2,5,2,2,4,2,2,4,1,1,2,4,3,2,2,4,4,2,1,2,2,4,3,1,2,4,4,5,5,2,5,5,2,2,5,2,5,2,5,4,4,2,5,1,2,4,2
79,Control,18,1,2,2,4,4,3,3,3,3,4,2,2,4,4,2,3,4,2,4,2,2,3,3,4,5,5,2,5,2,2,3,4,2,5,4,5,2,6,3,5,1,1,6,1,3,4,2,2,3,4,4,1,2,4,4,2,2,3,2,4,3,1,2,4,4,6,5,3,4,5,2,2,5,1,3,1,5,2,5,2,6,1,1,5,1
80,Direct,20,2,1,1,5,2,3,3,4,2,3,4,3,2,2,4,3,3,4,3,3,4,4,3,3,2,3,4,2,3,5,6,2,5,2,5,2,5,2,5,2,4,5,2,5,3,3,3,3,4,2,3,4,3,2,2,4,3,4,4,3,3,4,4,3,3,3,2,4,2,2,5,5,3,5,2,5,3,4,2,5,3,5,5,2,4
81,Indirect,19,2,2,1,3,2,3,2,2,2,3,2,2,3,2,3,1,1,1,2,4,3,3,4,2,2,2,3,5,3,1,4,3,3,4,3,4,4,3,1,4,3,3,5,2,2,3,2,2,2,3,2,2,3,2,3,2,2,3,2,2,2,2,3,2,2,4,4,2,5,3,1,4,3,3,3,3,4,4,4,3,5,3,3,5,2
82,Control,19,2,2,1,4,4,3,1,2,4,4,1,1,4,4,1,1,1,1,3,4,2,1,4,4,2,5,1,4,6,1,1,4,1,6,1,5,2,5,1,6,1,1,6,1,1,4,2,1,1,4,4,NA,1,4,4,1,1,1,1,4,4,1,1,4,4,4,5,NA,5,6,1,1,5,1,5,1,5,1,6,2,NA,1,1,6,1
83,Direct,18,1,2,1,3,4,2,1,2,4,4,1,1,4,4,1,1,2,2,4,4,3,3,4,4,3,5,1,5,5,3,1,5,1,5,2,6,1,5,4,5,1,2,6,1,2,4,1,1,2,4,4,1,1,4,3,1,2,2,2,4,4,3,2,4,4,4,5,1,5,5,2,1,5,1,5,1,6,1,5,2,6,1,1,5,1
84,Indirect,21,2,1,1,4,3,3,2,2,3,4,3,2,3,4,3,3,2,2,2,4,4,3,3,4,4,5,3,4,3,4,3,5,4,2,5,4,1,4,5,4,2,4,5,5,3,3,3,2,2,3,4,2,2,3,3,2,3,3,2,2,4,4,2,3,3,4,5,2,4,4,2,2,5,2,5,3,4,2,5,4,6,2,1,5,3
85,Control,19,1,1,1,4,3,2,1,2,4,3,2,2,4,4,2,2,2,2,4,3,3,3,4,3,6,4,2,4,5,3,3,5,3,5,3,5,2,5,3,6,2,2,5,2,4,3,2,1,2,3,3,3,2,4,4,2,3,1,1,3,3,2,2,4,3,4,4,1,4,4,2,2,4,2,5,2,4,2,5,3,4,1,1,5,2
86,Direct,18,1,1,1,3,3,2,1,2,3,3,2,2,4,3,2,2,2,2,3,3,2,2,3,4,5,4,4,5,5,2,2,5,2,5,1,5,2,4,2,5,2,2,4,2,2,4,2,2,2,4,4,2,2,4,4,2,2,2,2,3,4,2,2,4,4,5,4,4,6,5,1,1,5,1,6,1,5,5,4,1,5,1,1,5,1
87,Indirect,18,1,2,1,4,3,2,2,2,4,3,1,2,2,3,3,2,3,3,2,3,4,2,3,3,3,5,4,3,5,2,4,3,4,5,4,4,3,5,2,5,4,4,4,1,4,2,3,3,2,3,3,2,2,3,3,3,1,2,3,3,2,4,2,3,3,4,5,4,4,4,2,3,3,2,4,5,4,4,5,2,4,3,3,4,2
88,Control,22,4,1,1,3,3,4,1,2,3,3,2,3,4,3,2,2,2,2,4,3,3,2,4,3,5,6,2,5,4,1,2,4,2,4,2,5,2,6,2,5,1,2,4,2,2,3,2,2,2,4,3,2,2,4,4,2,3,2,1,4,3,3,2,3,3,5,5,2,5,5,1,2,5,1,5,1,6,2,6,1,5,1,2,4,1
89,Direct,22,4,1,1,5,3,3,2,2,4,3,1,3,4,4,3,2,2,3,3,3,4,3,3,3,2,5,1,4,5,3,3,4,3,5,4,5,2,5,4,4,1,2,5,3,2,4,2,1,2,4,4,1,2,4,4,2,1,2,1,4,4,3,2,4,4,3,5,1,5,NA,2,2,5,2,4,3,5,2,5,3,5,2,2,NA,2
90,Indirect,22,4,1,1,3,4,3,1,2,3,4,1,1,3,3,1,1,1,1,3,4,2,1,4,4,4,5,2,5,5,1,1,5,1,5,1,5,1,4,1,5,1,1,4,1,3,4,1,1,1,3,3,1,1,3,3,1,1,1,1,3,4,4,1,3,4,4,4,1,4,4,1,1,4,1,1,4,4,3,4,1,4,1,1,2,1
91,Control,20,3,2,1,2,4,2,1,2,4,4,1,2,4,4,2,1,1,1,4,3,2,2,4,4,5,5,2,5,5,1,2,5,2,5,2,5,1,5,2,5,1,1,5,2,4,4,1,1,1,4,3,1,2,4,4,1,1,1,1,4,4,1,1,4,4,5,5,2,5,5,2,2,5,2,5,2,5,2,5,2,5,2,2,5,2
92,Direct,19,2,1,1,4,3,1,1,1,4,3,2,2,3,3,3,1,2,1,4,4,3,2,4,4,4,5,2,4,5,1,2,4,2,5,2,5,1,5,1,5,1,1,5,1,4,4,1,1,2,4,4,1,2,3,4,2,1,1,2,4,4,3,1,4,4,4,5,2,4,5,1,2,5,2,5,2,5,1,5,1,6,1,1,6,1
93,Indirect,19,2,2,1,3,3,1,2,2,3,3,2,4,3,3,3,NA,2,1,3,3,4,1,3,3,3,2,1,4,5,4,1,2,4,4,4,6,2,3,2,5,4,4,1,1,2,3,2,2,1,4,3,2,3,3,3,2,2,2,1,4,3,3,3,3,3,4,4,2,5,4,4,4,4,5,4,4,5,5,5,3,5,5,3,2,2
94,Control,19,1,2,1,3,3,3,2,2,3,2,3,3,3,3,2,2,2,2,2,3,3,2,3,3,3,4,2,4,5,3,2,4,3,5,3,4,4,3,3,5,2,4,4,1,2,3,3,2,2,3,3,2,3,3,3,2,2,3,2,3,2,2,2,3,4,3,3,2,4,5,4,2,5,2,5,3,3,4,2,3,5,1,4,3,2
95,Direct,19,1,1,1,4,3,3,1,3,4,4,2,2,4,4,2,2,1,1,4,4,2,3,3,3,4,4,3,4,4,2,2,4,1,5,1,5,1,5,2,5,1,4,4,1,2,4,2,1,2,NA,4,1,1,4,4,2,1,1,2,4,4,2,2,4,4,5,5,2,5,5,2,2,5,1,6,1,5,2,6,2,5,1,1,5,1
96,Indirect,18,1,1,1,4,3,2,2,1,4,3,2,3,4,4,1,1,3,1,3,3,4,1,2,3,2,4,4,4,3,2,1,3,1,5,2,5,1,4,3,4,1,1,4,2,4,3,2,2,1,4,3,2,2,4,3,1,2,3,1,3,3,4,1,3,3,1,4,4,4,5,2,1,3,1,4,2,5,1,4,2,4,1,1,5,1
97,Control,19,1,2,1,3,3,4,3,4,3,2,3,3,3,2,4,3,3,3,2,2,4,3,3,3,3,3,4,2,3,3,4,2,4,3,4,4,3,4,3,4,4,3,2,2,3,3,4,2,3,3,2,2,3,3,2,4,3,3,4,2,2,3,3,3,3,2,4,3,2,4,4,4,2,4,3,4,3,4,4,3,4,3,4,2,2
98,Direct,21,1,2,1,3,4,2,1,2,4,4,1,1,4,4,2,1,NA,2,4,4,2,2,4,4,5,5,1,5,6,1,2,5,2,5,1,6,2,6,1,6,1,2,6,1,1,4,2,1,2,4,4,1,1,4,4,2,1,1,2,4,4,2,2,4,4,5,5,1,5,6,1,2,5,1,5,1,6,1,6,2,6,1,1,6,1
99,Indirect,20,3,2,1,3,4,2,1,2,4,4,2,2,4,4,1,1,1,2,4,4,2,3,4,4,4,4,3,4,5,2,1,4,1,5,1,5,1,5,2,5,1,2,5,2,2,4,1,1,1,4,4,2,2,4,2,1,1,1,1,4,4,2,3,4,4,4,5,3,4,5,2,2,5,2,5,2,5,2,5,2,5,2,2,5,2
100,Control,19,2,2,1,4,4,3,4,4,3,3,3,2,3,2,3,3,2,3,3,2,4,3,2,3,2,4,3,2,3,2,5,1,4,4,6,4,4,2,2,5,2,3,4,4,4,3,4,3,3,3,3,3,3,2,2,3,3,3,3,2,2,4,3,2,3,2,4,3,4,2,4,5,1,4,2,6,5,5,4,2,4,4,5,4,3
101,Direct,19,2,2,1,2,3,2,1,2,4,3,2,2,3,3,3,2,3,3,3,2,2,3,3,3,2,4,2,3,3,4,4,4,4,3,4,5,2,5,4,5,2,4,5,2,1,3,2,1,2,4,3,2,2,3,3,2,2,3,3,3,2,2,3,3,3,3,4,3,3,4,4,4,3,4,3,4,5,3,5,4,5,1,4,5,3
102,Indirect,19,1,2,1,4,3,3,2,3,3,3,2,3,2,3,3,2,3,4,1,3,4,3,3,3,1,3,3,2,4,4,4,1,6,4,5,4,3,2,6,3,6,4,4,2,2,3,3,2,3,3,3,2,3,2,3,3,2,3,3,2,3,3,3,3,3,2,3,2,2,3,4,4,3,5,4,4,4,3,3,4,4,4,4,3,2
103,Control,20,3,2,1,4,2,4,3,4,2,3,2,3,3,2,3,2,3,3,3,2,2,4,3,3,5,5,2,4,3,5,5,4,5,3,5,4,4,3,5,5,2,4,4,2,2,3,3,2,3,2,2,1,3,3,3,3,3,3,3,4,2,2,4,3,3,5,5,2,5,3,4,4,5,4,3,5,4,4,3,3,5,3,3,5,1
104,Direct,23,4,2,1,2,3,2,1,2,4,3,1,1,4,3,1,1,2,1,4,4,1,1,4,4,6,5,1,5,5,1,1,4,2,6,2,5,2,5,1,5,1,1,6,1,1,4,1,1,1,4,4,1,2,4,4,1,1,1,1,4,4,1,2,4,4,5,5,1,5,5,1,1,4,1,6,1,5,2,5,2,5,1,1,6,1
105,Indirect,26,5,2,1,1,4,2,1,1,4,4,1,1,4,4,1,2,1,1,4,4,1,1,4,4,6,6,1,6,6,1,1,5,1,6,1,6,1,4,1,6,2,1,6,1,1,3,3,1,1,4,4,1,1,4,4,1,2,1,1,4,4,1,1,4,4,6,6,1,6,6,NA,1,5,1,6,1,5,1,4,1,6,1,1,6,1
106,Control,19,2,2,1,2,3,3,2,2,3,3,2,2,4,3,3,3,2,2,3,3,2,3,4,4,5,4,2,5,4,4,4,5,4,4,2,4,3,4,2,5,2,2,4,3,3,3,3,2,2,3,3,2,2,4,3,3,2,2,2,3,3,2,3,4,3,5,4,3,6,4,3,3,4,2,4,2,5,3,5,2,5,2,3,4,4
107,Direct,18,1,2,1,2,4,1,2,2,4,4,1,1,4,4,2,1,1,1,4,3,2,1,4,4,5,5,1,6,6,1,1,5,1,6,1,5,1,6,1,6,1,1,6,1,2,3,1,1,2,4,4,1,1,4,4,2,1,1,1,4,4,1,1,4,4,6,6,1,5,6,1,1,6,1,6,1,6,1,6,2,6,1,1,6,1
108,Indirect,19,2,1,1,2,3,2,2,2,4,3,2,2,4,4,2,2,2,2,4,4,3,2,4,4,2,4,2,3,5,3,2,4,3,5,2,4,2,6,2,5,2,2,6,2,2,3,2,2,2,4,3,2,3,3,4,2,2,2,2,4,4,3,2,4,4,3,4,2,4,6,2,2,4,2,6,2,4,3,6,2,5,2,2,6,3
109,Control,18,1,2,1,4,3,2,2,3,3,3,2,3,3,3,3,2,2,3,3,4,2,3,4,4,5,5,3,4,4,4,4,6,2,5,4,5,4,5,2,5,2,3,6,3,2,3,3,2,2,3,3,2,2,4,2,3,3,3,3,3,3,2,3,4,4,5,5,2,5,4,4,2,6,4,4,4,4,4,5,3,6,1,3,5,3
110,Direct,19,2,2,1,3,3,1,2,3,4,4,1,1,4,3,2,1,2,2,4,4,2,2,4,4,5,4,2,4,4,3,2,4,2,5,2,5,5,5,2,4,2,2,5,2,2,3,2,1,2,4,4,2,2,4,3,2,2,2,2,4,4,2,1,4,4,5,4,2,5,5,2,2,5,2,5,3,5,2,5,2,5,2,2,5,2
111,Indirect,18,1,2,1,2,2,3,4,4,2,2,4,3,2,3,4,3,3,3,2,2,4,4,3,2,3,3,6,3,3,4,6,4,4,2,5,4,5,3,3,4,3,3,2,4,2,2,3,3,3,2,2,4,3,2,3,4,3,4,4,2,2,3,4,3,2,2,4,5,3,4,4,NA,4,4,3,4,3,4,5,4,4,4,4,1,4
112,Control,19,2,NA,5,2,4,1,1,2,4,3,1,2,4,4,2,1,1,1,4,3,1,2,4,4,5,5,1,6,6,1,2,5,1,6,1,6,1,5,1,6,1,1,6,1,3,3,1,1,1,4,3,1,3,4,4,1,3,2,1,4,3,1,2,4,4,5,4,1,5,6,2,2,5,1,5,2,6,2,6,1,6,1,2,6,1
113,Direct,19,2,1,1,3,3,3,3,2,3,2,3,3,3,3,3,3,3,2,1,3,3,2,3,3,2,4,3,4,4,3,4,4,4,3,4,5,3,2,3,5,4,3,4,4,2,3,3,3,2,3,3,3,2,3,3,3,2,3,2,2,3,3,2,3,3,3,4,2,4,4,3,3,5,4,4,4,5,2,2,2,4,4,3,4,4
114,Indirect,20,1,1,1,3,4,1,1,3,4,4,1,1,3,3,2,3,1,1,4,4,2,2,4,4,5,4,1,5,6,1,1,4,2,5,1,6,2,6,1,5,2,2,6,1,2,4,1,1,3,4,3,1,2,4,3,2,2,1,1,4,4,2,1,4,4,5,5,1,5,6,1,1,5,1,5,2,6,4,5,2,6,1,4,6,1
115,Control,18,1,2,1,1,3,2,1,2,4,4,1,1,4,4,1,1,1,2,3,4,3,1,4,4,4,4,1,4,6,1,1,5,1,6,1,6,1,6,1,6,3,1,6,1,1,4,1,1,1,4,3,1,1,4,4,1,1,1,1,3,4,2,1,4,4,4,4,1,5,1,1,5,1,6,1,6,1,6,1,6,1,2,1,6,1
116,Direct,19,2,1,1,3,3,4,3,3,3,3,2,2,4,3,3,3,2,2,2,3,3,2,2,3,3,4,3,4,4,3,3,4,2,4,3,4,3,5,3,5,2,4,4,2,2,3,3,3,3,3,3,3,2,4,3,3,3,2,2,2,3,3,2,2,3,3,4,3,4,4,3,3,3,2,4,2,4,3,4,3,5,1,3,4,3
117,Indirect,21,2,2,1,3,4,4,3,2,4,4,1,1,3,3,3,1,1,1,3,3,3,3,3,3,5,5,2,4,4,1,2,5,2,5,2,5,2,5,1,5,1,2,5,1,3,3,2,3,2,4,3,2,2,3,3,3,2,3,2,4,2,3,3,3,3,4,5,2,4,4,1,2,5,1,4,1,5,2,4,2,5,1,1,4,1
118,Control,20,2,2,1,2,4,2,2,3,4,4,1,2,3,3,2,1,2,2,4,3,2,2,3,3,5,4,2,4,5,2,3,5,2,5,3,6,2,5,2,5,2,3,6,2,2,3,2,2,2,4,4,2,2,3,3,3,2,3,2,3,3,2,3,3,3,4,4,2,5,5,2,2,5,3,5,2,5,2,5,2,3,3,3,5,2
119,Direct,19,2,1,1,4,3,2,2,2,4,3,2,3,4,4,2,2,2,3,3,3,2,3,4,4,4,4,2,5,5,4,3,5,1,5,4,5,2,4,2,5,1,2,5,2,3,3,2,2,2,4,4,2,2,4,4,2,2,3,2,3,3,2,3,3,3,4,4,3,5,5,3,2,5,2,5,2,5,2,4,4,5,2,2,5,2
120,Indirect,19,1,2,1,4,3,3,2,4,3,3,2,4,2,3,3,1,3,3,4,4,4,3,3,3,4,5,2,3,5,5,4,4,6,6,5,5,5,4,3,4,6,5,5,4,2,3,2,2,3,2,3,2,3,3,3,3,2,4,3,4,3,4,3,3,3,5,5,2,4,4,2,4,5,6,4,4,5,5,4,2,5,6,4,6,1
121,Control,18,1,2,1,2,3,2,2,2,4,4,2,2,3,3,2,1,2,1,3,3,1,2,3,3,5,5,2,6,6,3,3,6,2,5,2,5,2,6,3,6,1,2,6,2,1,3,1,2,2,4,4,2,2,4,3,2,1,2,1,3,3,1,2,4,4,6,5,1,6,5,2,2,6,1,5,1,6,1,6,4,6,1,1,6,1
122,Direct,18,1,2,1,3,4,1,1,1,4,4,1,2,3,4,1,1,1,1,4,4,2,2,4,4,4,4,2,4,6,2,1,4,1,5,1,5,1,6,2,5,1,1,6,1,1,4,1,1,1,4,4,1,1,3,4,1,1,1,1,4,4,2,2,4,4,4,5,1,5,6,2,1,5,1,6,2,6,1,6,2,6,1,1,6,1
123,Indirect,18,1,1,1,3,3,1,1,2,2,3,2,2,3,3,2,1,1,2,3,4,2,2,4,4,5,4,2,4,4,3,2,3,2,5,2,4,2,4,3,5,2,2,3,2,2,3,2,1,1,3,4,2,1,3,3,2,1,1,1,4,4,2,2,4,4,4,4,2,5,4,2,1,5,2,5,2,5,2,5,3,5,2,2,5,2
124,Control,18,2,2,4,5,3,2,3,2,3,2,2,4,2,4,2,2,3,3,3,4,4,3,4,4,2,4,2,1,5,2,3,2,2,6,2,4,1,4,2,4,1,4,6,1,3,3,2,2,2,3,3,2,3,2,3,2,2,3,2,3,4,4,3,4,4,2,4,2,1,5,1,3,2,2,4,2,3,2,4,1,2,1,1,5,1
125,Direct,19,2,2,2,2,3,2,2,2,3,3,2,2,3,3,2,2,2,2,4,4,3,3,3,3,4,4,2,5,4,4,2,5,2,4,2,4,3,4,2,5,2,2,4,2,1,3,2,2,1,3,3,2,2,3,3,2,2,2,2,4,3,2,3,3,3,4,4,2,4,4,2,2,5,2,4,2,4,3,4,2,4,2,2,5,2
126,Indirect,18,1,1,1,4,4,2,2,3,3,4,2,1,4,3,2,1,2,NA,3,3,2,2,3,3,4,5,2,3,5,1,3,5,2,4,3,5,2,4,2,5,1,1,4,1,3,3,1,2,2,3,4,2,1,4,3,2,1,2,2,3,3,2,3,3,3,3,5,2,4,5,2,1,6,2,4,2,5,1,4,2,5,1,2,5,1
127,Control,18,1,2,1,4,4,2,2,2,3,4,2,2,4,4,2,3,3,2,4,3,1,1,4,4,5,5,2,5,5,2,1,5,1,5,2,6,2,3,1,6,1,1,6,1,4,4,1,2,2,3,3,1,2,4,3,2,3,2,1,4,3,2,2,4,4,5,5,1,5,4,2,1,5,1,6,2,5,1,4,1,6,1,1,6,1
128,Direct,21,4,2,1,3,3,2,1,1,4,3,1,2,4,4,1,1,1,1,4,3,3,2,4,4,4,5,1,4,6,1,1,4,1,4,3,5,2,4,1,5,1,1,6,1,1,4,1,1,1,3,4,1,2,4,4,1,1,1,1,4,4,1,1,4,4,6,5,1,4,5,1,1,4,1,5,1,4,1,5,1,5,1,1,6,1
129,Indirect,21,3,2,1,2,2,3,2,3,4,2,2,1,3,3,2,2,2,2,3,3,4,3,3,3,4,5,1,2,4,4,3,5,3,5,3,5,2,3,2,4,2,3,6,1,1,4,1,1,1,4,3,2,2,4,3,2,1,3,3,4,4,3,3,3,3,4,4,1,4,4,3,4,5,3,5,3,4,2,4,4,5,3,3,6,2
130,Control,18,1,1,1,4,3,3,2,3,1,3,2,2,3,4,3,3,3,2,4,2,4,3,3,3,3,5,4,3,4,2,3,3,2,3,2,4,4,4,2,4,4,4,3,5,3,3,2,2,3,2,3,2,2,3,4,2,2,2,2,4,3,3,3,4,4,4,4,3,4,4,2,3,4,3,4,3,4,3,4,2,4,2,3,3,4
131,Direct,19,1,2,1,4,2,4,3,3,3,2,3,2,3,4,3,1,4,4,2,3,2,4,4,3,1,1,2,1,3,1,3,5,4,6,4,3,1,3,3,2,6,3,6,3,3,3,2,3,3,3,4,2,3,3,3,3,3,3,2,3,2,3,2,2,2,4,4,2,2,3,3,4,5,4,3,4,3,2,3,4,4,4,3,4,4
132,Indirect,19,1,2,1,3,4,3,2,3,4,3,2,3,3,3,2,2,2,2,3,3,3,2,4,4,2,4,2,4,5,NA,1,2,3,5,2,5,2,5,3,5,2,2,6,2,2,4,3,2,2,4,3,2,2,2,4,2,2,2,3,4,4,3,2,4,4,2,5,1,5,5,3,2,3,3,5,2,5,2,5,2,5,2,2,6,1
133,Control,19,2,2,2,3,3,2,3,2,4,3,2,3,4,4,2,1,2,1,3,4,2,3,4,4,5,4,2,5,5,2,2,5,2,5,2,5,2,4,2,5,2,2,5,2,2,2,2,1,2,3,4,3,2,4,3,2,2,1,1,4,4,2,2,4,2,3,3,2,3,4,3,2,4,2,5,2,5,3,4,2,4,2,2,5,2
134,Direct,24,2,1,2,2,4,2,1,2,4,4,1,1,4,3,2,2,2,3,4,4,3,2,4,4,4,5,1,5,4,2,1,6,2,5,2,6,1,2,4,6,1,1,6,1,1,4,1,1,2,4,4,1,1,4,4,1,2,1,2,4,4,3,1,4,4,6,5,1,6,5,1,1,6,1,6,1,6,1,4,1,6,1,1,6,1
135,Indirect,18,1,2,1,3,4,3,1,2,4,4,1,1,3,4,2,2,1,2,3,4,2,1,4,4,2,4,1,3,6,2,1,3,2,6,2,6,2,5,3,6,1,2,6,1,2,4,1,1,2,4,4,1,1,3,4,1,2,1,2,2,4,2,1,4,4,2,5,1,3,6,2,1,3,2,6,2,5,2,5,1,5,1,2,6,2
136,Control,18,1,2,1,3,3,2,3,4,4,3,1,3,1,3,2,2,3,3,2,3,4,3,3,4,1,5,1,3,4,1,5,2,3,4,5,3,1,3,2,5,3,6,6,4,3,3,3,4,4,2,3,3,2,2,3,2,1,4,3,3,3,4,4,3,3,1,4,1,2,2,2,4,2,4,5,3,3,2,6,3,4,4,4,6,4
137,Direct,22,3,NA,3,2,1,1,3,4,3,2,1,3,3,2,2,3,2,4,3,4,4,3,4,3,3,3,2,4,4,2,3,5,4,5,3,3,2,6,4,6,2,3,6,1,2,3,3,2,2,4,4,3,1,2,2,2,3,3,2,4,3,4,3,4,2,5,3,1,6,5,3,3,5,2,4,4,6,1,6,5,6,2,3,6,1
138,Indirect,20,3,2,1,3,2,4,3,4,2,2,3,3,2,3,3,2,4,3,2,2,4,3,3,3,2,4,3,2,4,3,3,2,4,4,4,3,5,2,5,4,4,4,3,4,3,2,4,3,4,2,2,3,3,2,2,3,3,3,3,2,2,4,3,3,3,2,3,4,2,2,4,3,2,5,4,4,3,5,3,4,3,5,4,3,4
139,Control,19,2,2,2,3,4,3,2,3,4,4,2,2,4,4,3,2,4,3,4,3,2,3,4,4,5,5,2,5,5,3,3,4,3,5,2,5,2,5,2,6,1,2,6,1,2,4,2,2,3,4,4,2,2,4,4,2,2,NA,2,4,4,2,2,4,4,5,5,1,6,5,2,3,5,2,4,2,6,2,6,2,5,1,2,6,2
140,Direct,20,2,1,2,5,3,2,4,4,3,2,4,4,2,2,4,3,2,3,2,2,3,3,2,2,1,4,2,5,4,2,5,3,6,3,3,2,4,1,6,3,4,4,4,4,1,3,2,2,2,4,4,3,2,4,2,3,3,3,3,4,4,1,2,4,4,6,5,4,6,5,2,1,6,1,5,1,5,2,5,5,6,1,2,5,1
141,Indirect,18,1,2,1,3,4,3,3,3,3,4,3,4,4,3,3,3,3,2,4,4,3,3,4,4,5,4,2,5,5,4,5,5,3,5,4,5,2,5,4,5,1,3,5,1,4,4,3,3,2,4,4,2,2,4,4,2,2,2,3,4,2,3,3,3,3,5,5,2,5,5,2,3,4,2,5,2,5,2,5,2,5,1,2,5,2
142,Control,18,1,2,1,5,3,3,4,4,4,4,1,4,3,4,2,NA,3,3,2,4,3,2,3,4,1,5,1,3,5,2,3,1,4,5,4,6,1,4,2,5,2,1,6,2,4,4,3,2,4,4,3,1,3,3,4,2,1,2,2,3,4,4,3,4,4,2,5,1,4,5,1,2,3,2,5,3,5,6,4,3,5,1,1,5,2
143,Direct,20,2,2,1,2,1,1,1,2,4,3,1,1,3,4,1,2,2,1,2,3,1,1,4,2,2,3,1,5,6,2,2,5,1,4,3,4,4,4,2,5,1,1,3,2,2,2,1,1,2,3,3,1,2,3,4,2,4,2,2,3,4,2,2,4,4,4,4,3,4,4,1,2,4,1,5,1,4,4,4,2,4,2,2,3,1
144,Indirect,21,4,2,1,4,3,3,3,3,2,3,2,2,4,3,3,2,2,2,3,4,1,3,2,3,6,5,4,5,3,1,4,6,2,5,3,5,4,3,1,5,1,2,4,1,4,4,2,1,2,3,4,1,3,4,4,2,2,1,2,4,4,1,2,4,4,6,6,2,5,6,1,2,6,2,6,2,5,1,4,1,6,1,1,4,1
145,Control,20,2,1,1,5,3,3,3,4,3,3,4,2,2,2,2,4,3,3,3,2,4,4,3,3,1,5,5,2,4,2,4,4,2,4,4,5,1,5,4,5,2,4,3,1,5,3,3,3,3,3,3,4,2,2,3,2,3,4,2,4,3,4,3,3,3,1,4,4,2,4,4,4,5,2,5,4,6,5,5,4,3,2,5,2,3
146,Direct,30,2,1,1,2,4,1,1,1,4,3,1,2,2,3,2,1,4,1,4,2,3,2,4,4,4,2,2,4,4,3,1,3,2,2,3,4,3,2,3,4,2,2,5,2,1,3,1,1,1,3,3,1,2,3,3,2,2,3,2,4,3,4,2,4,4,4,4,2,4,2,2,2,3,2,3,2,4,2,3,2,4,2,2,5,2
147,Indirect,21,2,2,1,2,4,3,1,2,4,4,2,3,3,4,2,1,3,1,4,3,3,2,4,4,2,4,2,4,6,4,3,4,3,4,2,6,2,2,5,5,4,2,4,2,2,3,2,2,3,4,3,2,2,3,3,2,1,2,2,4,3,2,2,4,4,3,5,3,5,5,2,3,4,2,5,2,5,3,4,2,5,2,3,4,2
148,Control,18,1,2,1,5,1,4,4,4,3,2,4,4,3,2,3,4,4,4,2,1,2,4,2,2,3,3,4,5,3,4,4,3,4,3,4,4,3,2,5,4,4,4,3,4,4,3,4,4,4,3,3,4,3,4,2,3,4,4,3,2,3,1,4,3,2,5,4,4,5,4,4,4,4,4,4,4,4,3,3,4,5,3,4,3,3
149,Direct,19,2,2,2,2,4,1,1,2,4,4,1,2,4,4,1,1,1,1,4,4,2,1,4,4,4,4,2,5,6,1,1,5,1,5,2,5,2,5,1,5,1,2,5,1,1,4,1,1,1,4,4,1,1,4,4,1,1,1,1,4,4,2,1,4,4,4,4,1,5,6,1,1,5,1,5,2,5,2,5,1,5,1,2,6,1
150,Indirect,23,4,2,1,3,3,2,3,3,3,3,3,2,3,2,2,2,3,3,2,1,3,3,4,3,2,4,3,2,4,2,2,4,2,4,4,4,2,5,4,4,5,2,5,1,2,3,2,2,3,3,3,2,2,3,3,2,2,3,2,3,1,3,2,3,4,2,4,3,3,2,2,4,4,2,4,2,5,3,4,3,5,4,3,4,1
151,Control,18,1,2,2,3,4,2,2,2,4,4,1,2,3,4,2,1,2,2,4,3,1,2,4,4,4,4,2,5,5,3,2,4,2,5,3,5,2,4,2,5,2,2,5,2,3,3,1,1,2,4,3,1,2,4,3,1,1,2,1,4,4,2,2,4,4,4,4,5,5,5,2,2,5,2,5,2,4,2,4,2,5,1,2,5,2
152,Direct,19,2,2,1,4,3,3,1,2,4,4,2,1,4,4,1,2,2,1,3,4,2,2,4,4,3,4,2,5,5,2,1,4,1,6,1,5,4,5,2,6,1,3,6,1,3,4,2,1,2,4,4,1,1,4,4,1,1,2,1,2,4,1,2,4,4,3,5,2,5,5,1,2,4,1,6,2,4,4,6,1,5,1,1,5,1
153,Indirect,19,2,2,1,3,4,2,2,2,4,3,1,2,3,3,2,2,3,1,4,4,2,2,4,4,5,4,2,5,5,2,2,5,1,6,2,6,1,5,2,6,1,2,5,2,2,3,1,1,2,4,3,1,2,3,3,1,2,2,1,4,4,2,2,4,4,6,5,2,6,5,1,1,5,2,5,3,5,2,5,2,6,1,1,5,1
154,Control,23,3,1,1,2,4,2,3,3,4,4,2,2,4,4,1,1,2,1,3,2,1,2,4,4,5,4,2,5,5,2,2,5,1,4,2,5,1,5,2,5,2,2,5,1,2,4,2,2,2,4,4,2,2,4,4,2,1,2,2,3,3,1,2,3,3,5,4,2,5,4,2,2,4,1,5,2,5,2,4,2,5,1,2,5,2
155,Direct,18,1,1,1,2,3,2,2,4,3,3,2,2,3,3,3,1,2,3,3,3,4,2,4,4,1,4,1,3,5,2,3,5,3,6,2,6,1,5,2,5,3,2,6,2,1,3,2,2,3,3,3,1,2,3,3,2,1,2,3,3,4,4,2,4,4,2,4,1,3,5,2,3,5,2,NA,2,5,2,5,3,4,3,3,5,2
156,Indirect,21,4,1,2,4,3,3,2,3,3,2,2,3,2,3,2,2,2,1,3,3,4,4,3,3,1,4,2,2,4,2,3,3,2,4,3,5,2,4,3,5,3,2,5,3,4,3,3,2,3,3,3,2,2,3,2,2,1,2,2,3,3,3,3,3,4,4,4,2,4,4,3,4,4,3,5,3,5,5,5,4,5,2,4,6,3
157,Control,18,1,2,1,5,2,4,3,4,2,2,2,2,3,2,3,2,4,3,2,2,4,4,2,2,3,2,5,4,2,4,4,3,4,3,4,3,5,3,4,3,5,5,2,5,5,2,4,4,4,2,2,3,3,2,2,3,3,3,3,2,3,4,4,4,2,3,3,4,3,3,4,5,3,4,2,4,4,3,3,4,3,5,4,2,4
158,Direct,20,3,2,1,4,3,2,2,3,3,3,4,4,3,3,3,3,4,2,3,2,4,3,3,3,2,2,2,3,3,2,5,6,5,4,4,5,3,3,4,5,2,3,5,2,2,2,2,2,3,4,3,2,3,4,3,3,3,3,2,4,2,4,3,3,3,2,4,2,4,4,2,3,NA,5,5,3,4,2,4,3,5,2,2,5,2
159,Indirect,18,1,2,1,3,2,4,3,3,2,2,3,4,3,3,4,3,4,2,2,2,4,3,2,3,3,3,5,4,2,2,4,2,3,4,3,3,4,5,2,3,3,4,2,2,2,2,3,3,3,2,2,3,3,3,3,3,3,3,2,3,2,3,3,2,3,5,2,5,4,2,2,4,3,4,2,3,3,4,5,2,4,3,5,2,3
160,Control,23,4,2,1,4,3,2,1,2,3,3,2,1,3,3,2,3,3,2,3,3,4,2,4,4,4,5,2,3,4,2,2,4,2,5,4,5,2,3,2,4,5,3,4,2,3,3,1,1,3,3,3,2,3,3,3,2,2,3,3,4,3,4,3,4,3,4,4,2,4,5,2,3,5,4,5,4,5,3,5,4,4,4,2,4,2
161,Direct,18,1,1,1,3,3,2,2,2,4,4,2,1,4,4,1,1,1,1,3,4,4,3,4,4,1,4,1,2,5,2,2,4,2,6,2,5,2,5,1,3,2,2,6,1,2,3,2,1,1,4,3,2,1,3,3,2,1,1,2,4,4,4,2,4,4,2,3,1,3,6,2,2,4,2,6,2,5,1,6,1,4,1,2,6,1
162,Indirect,19,2,2,1,3,3,3,2,3,3,3,3,3,4,3,3,3,4,2,3,3,3,4,4,4,4,5,4,3,4,3,3,4,4,4,3,4,5,4,4,5,3,4,3,2,1,3,3,2,3,4,3,2,3,4,3,3,3,3,2,3,3,3,3,4,3,5,5,4,3,4,4,4,5,3,4,4,4,5,5,4,5,3,4,3,2
163,Control,18,1,2,1,4,2,3,2,3,3,2,4,4,2,2,4,3,4,4,2,1,2,4,2,3,5,6,5,6,2,6,4,2,3,3,5,2,5,4,6,3,6,5,2,3,3,2,3,3,3,2,3,2,3,2,2,3,3,4,4,3,1,1,4,2,3,6,3,4,6,2,5,3,2,5,1,4,2,5,3,5,4,6,3,3,3
164,Direct,20,3,2,1,5,3,2,1,2,3,3,1,2,4,3,3,2,1,1,4,3,2,2,4,4,3,4,2,4,4,1,2,3,2,4,2,5,2,4,3,5,1,1,4,1,2,4,1,1,1,3,3,1,2,4,3,2,2,1,1,4,3,2,3,4,4,3,4,2,5,6,1,4,4,2,5,3,5,2,5,1,6,1,1,6,1
165,Indirect,18,1,2,1,4,4,2,2,2,4,4,1,2,3,4,3,2,3,2,3,3,3,2,4,4,4,4,2,5,5,2,2,4,2,5,2,5,2,5,3,5,1,2,6,1,3,4,1,1,2,4,4,1,2,3,4,2,2,2,2,4,3,3,2,4,4,5,5,2,5,5,2,1,4,1,5,1,5,2,5,1,5,1,2,6,1
166,Control,19,1,2,1,4,4,3,2,2,4,4,1,1,2,4,2,1,1,3,4,3,4,3,4,4,2,1,4,3,5,1,2,3,2,5,2,5,1,5,3,4,1,2,5,1,5,3,3,2,2,4,3,2,2,2,3,3,2,2,2,3,3,4,2,4,4,2,5,1,2,5,2,2,3,2,5,1,5,1,5,2,5,1,2,5,1
167,Direct,19,1,2,1,3,3,2,2,2,4,3,2,3,4,3,2,2,2,2,3,3,2,3,4,4,4,4,2,5,5,3,2,5,2,5,2,5,3,6,2,6,1,1,5,1,2,4,2,2,2,4,3,1,3,4,4,2,2,2,2,4,3,2,2,4,4,5,4,2,5,5,2,1,5,1,5,1,4,4,5,3,5,1,1,5,1
168,Indirect,18,1,2,1,4,4,2,2,3,4,4,2,2,4,4,2,1,2,3,4,4,2,2,4,4,5,5,1,5,6,2,1,5,1,4,1,5,5,5,3,4,1,1,6,1,1,4,1,1,3,4,4,1,1,4,4,1,1,1,2,4,4,1,1,4,4,6,3.5,1,6,6,3,1,6,1,6,1,6,1,6,3,5,1,1,6,1
169,Control,19,1,2,1,3,3,4,3,3,3,3,1,2,2,NA,2,2,3,4,2,3,4,3,4,3,4,5,1,2,5,3,4,1,6,5,5,4,3,3,4,4,5,4,6,2,3,3,3,3,4,3,3,3,2,2,3,3,3,3,4,2,3,4,3,3,3,3,5,1,2,4,2,3,2,5,5,5,4,5,3,4,4,5,4,6,4
170,Direct,19,2,2,1,3,2,3,2,3,3,3,1,2,3,3,3,3,2,3,3,3,3,3,4,4,1,3,2,5,5,2,2,4,2,5,3,5,2,5,2,5,2,3,5,1,1,2,2,1,2,4,4,2,2,4,4,2,2,2,2,3,3,3,2,4,4,2,2,1,5,5,2,2,5,4,5,2,5,1,5,2,5,2,2,5,1
171,Indirect,24,4,1,1,2,4,3,2,2,1,2,3,3,1,2,2,3,3,2,3,3,4,2,4,4,1,5,2,2,4,1,4,3,4,4,5,4,3,6,2,5,6,3,4,2,1,4,3,1,3,2,2,1,3,1,3,2,3,3,3,4,2,4,3,4,4,2,5,2,3,4,2,4,4,3,3,4,3,3,6,2,4,6,5,4,3
172,Control,19,2,2,1,3,3,4,3,3,3,3,2,3,2,2,3,2,3,2,2,3,4,4,3,3,2,3,3,2,2,3,4,3,4,4,4,5,3,3,5,4,4,3,4,3,4,3,3,2,3,3,3,2,3,2,3,2,2,3,2,2,3,4,3,3,3,2,4,3,2,4,4,4,3,4,5,4,5,4,4,5,5,4,3,4,2
173,Direct,19,1,2,1,2,4,2,1,2,4,4,1,2,4,4,2,2,2,3,4,4,3,3,4,4,4,5,3,5,5,2,2,5,3,5,2,5,2,5,2,6,2,2,6,2,1,4,2,1,2,4,4,1,2,4,4,2,2,2,2,4,4,3,2,4,4,4,5,2,5,5,2,2,5,2,6,2,5,2,5,2,5,2,2,6,2
174,Indirect,19,1,1,1,4,3,3,2,3,4,3,2,3,4,3,3,3,2,3,4,3,2,3,4,4,5,5,1,4,5,2,2,4,3,4,3,4,2,5,3,5,2,2,5,2,4,3,3,3,4,4,3,3,3,3,3,3,2,3,3,4,3,3,3,4,4,5,4,2,4,3,3,2,3,4,3,3,4,2,5,3,4,2,2,5,2
175,Control,19,1,1,1,4,3,2,3,3,4,4,NA,2,4,3,3,3,2,3,2,2,3,4,3,2,4,4,4,2,5,4,5,3,4,3,4,5,3,5,3,5,3,3,6,2,4,3,3,3,3,4,3,3,2,4,3,4,3,3,4,2,2,3,3,2,2,4,4,3,4,3,4,4,2,4,3,4,5,3,5,4,4,3,4,5,3
176,Direct,18,1,2,1,1,3,2,2,3,4,3,3,1,3,3,2,2,3,2,3,2,3,3,3,4,3,4,1,5,5,2,4,5,2,4,3,5,1,4,2,4,1,2,5,1,1,3,3,2,3,4,3,2,2,3,3,3,2,3,2,3,3,3,2,3,3,4,3,2,5,4,2,3,5,1,3,2,5,3,5,2,5,1,2,5,2
177,Indirect,19,2,2,1,2,4,2,1,2,4,4,1,3,4,4,2,2,2,2,4,4,3,2,4,4,5,4,1,5,5,2,1,4,2,6,1,5,1,6,1,5,2,2,6,1,2,4,1,1,1,4,4,1,1,4,4,2,1,1,1,4,4,3,1,4,4,5,4,1,4,6,4,1,5,1,6,1,6,1,6,1,6,1,1,6,1
178,Control,21,4,2,1,4,3,2,1,2,4,3,1,2,3,4,2,1,2,2,4,3,3,2,4,4,1,3,1,4,5,4,2,2,4,4,3,5,1,4,4,3,6,3,6,1,2,3,2,1,2,4,4,1,2,3,4,2,1,2,2,4,4,3,2,4,4,3,2,1,3,5,3,2,2,4,5,2,5,2,5,2,4,5,2,6,2
179,Direct,21,3,2,1,4,4,1,1,2,4,4,1,2,3,4,2,1,2,2,4,4,3,2,4,4,4,4,1,4,6,2,3,5,2,5,2,6,2,5,2,5,1,2,6,1,2,4,1,1,2,4,4,2,1,4,4,2,1,2,1,3,4,3,2,4,4,5,5,1,5,6,2,2,5,2,5,2,5,2,5,2,5,2,2,6,1
180,Indirect,21,3,1,1,4,3,2,2,3,2,3,3,2,3,3,3,2,3,3,3,3,2,2,3,3,3,4,4,4,4,2,3,5,3,4,2,5,3,5,2,5,2,2,3,3,3,3,2,2,3,3,3,2,2,3,3,2,2,2,3,3,3,2,2,3,3,4,4,4,4,4,2,3,4,3,4,3,5,2,5,4,5,2,3,3,3
181,Control,19,2,2,1,3,3,2,1,2,4,4,3,3,4,4,2,2,3,1,4,4,2,2,3,4,5,5,1,6,6,2,2,6,2,5,2,5,2,5,2,6,1,2,5,1,2,4,1,2,2,4,4,2,2,4,4,1,1,2,2,4,4,2,2,4,4,6,5,2,5,6,2,2,6,1,6,1,5,2,6,2,6,1,2,6,1
182,Direct,19,2,2,1,4,3,2,1,2,4,3,2,1,3,3,2,2,1,1,4,4,3,2,4,4,4,3,2,4,6,3,3,4,2,5,2,6,2,6,3,5,2,2,5,2,2,3,2,2,2,4,3,2,2,3,4,2,2,2,2,3,4,3,2,4,4,5,3,2,4,6,3,2,5,2,5,2,5,3,6,3,5,2,2,6,2
183,Indirect,25,5,1,1,2,3,2,1,2,3,3,1,1,4,4,2,1,1,2,4,4,4,2,4,4,2,5,1,4,5,1,2,5,2,6,1,5,2,5,1,6,3,1,6,1,2,3,2,1,3,4,3,1,1,3,4,2,1,1,2,4,4,3,2,4,4,2,5,1,4,6,1,1,5,2,6,1,5,1,6,1,6,4,1,6,1
184,Control,21,4,1,1,4,3,2,2,2,3,3,2,3,3,3,3,2,4,2,3,3,3,3,3,4,3,5,2,2,2,3,2,4,3,5,3,5,3,4,2,5,5,3,5,3,4,3,3,2,3,3,2,2,3,3,3,4,2,4,2,3,3,3,3,4,4,2,5,2,2,3,3,2,3,4,5,3,4,3,4,3,5,5,3,5,2
185,Direct,20,2,1,1,3,3,3,3,2,4,3,2,2,4,3,2,2,2,2,3,3,2,3,4,3,5,5,2,4,5,2,2,5,2,4,2,5,2,5,3,5,2,2,5,2,2,4,2,2,2,4,4,2,2,4,4,2,2,2,2,4,4,2,3,4,4,5,5,2,5,5,2,2,5,2,5,2,5,2,5,2,5,2,2,6,2
186,Indirect,19,2,2,2,4,4,2,3,2,4,3,1,3,4,3,1,2,3,2,3,3,1,2,3,2,5,5,1,5,6,1,1,3,1,6,2,5,2,5,2,5,1,2,6,2,2,4,1,2,3,4,4,1,2,4,3,1,1,1,1,4,4,2,1,4,3,6,6,1,6,6,1,1,4,1,6,1,6,1,6,2,6,1,1,6,1
187,Control,22,4,2,1,3,3,3,1,2,2,3,1,2,3,2,2,2,3,1,4,2,3,2,4,4,2,3,3,2,3,4,4,4,3,5,3,5,2,4,3,4,2,4,3,2,2,2,3,1,3,2,2,2,2,3,3,2,2,2,3,2,2,3,2,4,4,3,3,3,3,3,4,4,5,3,4,3,4,4,4,3,4,3,4,3,3
188,Direct,20,4,2,1,4,2,4,4,4,2,3,4,3,2,2,3,4,4,3,2,1,4,3,2,1,1,1,2,1,2,6,6,1,6,2,6,1,5,1,6,1,6,5,4,5,2,3,3,3,4,3,4,3,2,3,3,2,3,3,3,4,3,3,4,3,3,4,4,3,5,4,5,4,4,4,2,3,4,3,2,3,5,4,4,5,4
189,Indirect,21,4,1,1,3,4,2,1,2,4,4,2,3,3,3,2,1,2,1,3,3,4,2,4,4,2,4,1,4,5,2,1,5,1,5,2,5,2,5,2,5,2,2,6,1,1,4,1,1,2,4,4,3,2,4,3,2,1,2,1,4,3,3,2,4,4,4,4,1,5,4,2,1,5,2,5,2,5,1,5,2,5,3,2,6,2
190,Control,18,1,2,1,3,3,1,1,2,4,3,2,2,3,4,2,1,1,3,4,4,3,2,3,4,3,4,2,4,6,2,2,3,2,5,3,5,2,5,2,5,2,2,5,2,2,3,2,1,2,4,3,2,3,3,3,2,1,1,2,3,3,3,2,4,4,3,5,2,4,5,2,2,4,1,5,2,5,2,5,2,5,1,2,6,2
191,Direct,22,4,1,1,4,3,3,2,2,3,3,2,2,3,4,2,1,2,2,4,3,3,3,4,4,4,4,2,4,5,2,1,4,2,6,2,4,4,4,3,5,3,2,6,4,2,3,2,1,2,4,3,2,2,3,4,3,1,2,2,4,3,3,2,4,4,4,5,2,4,6,2,2,4,2,6,2,4,3,4,2,5,1,2,5,3
192,Indirect,18,1,2,1,4,4,3,2,3,3,3,2,2,4,3,2,2,2,3,4,3,2,2,3,3,5,4,2,5,5,2,3,4,4,4,2,6,3,5,2,5,2,3,5,2,3,3,2,2,2,3,3,1,2,4,3,2,1,2,2,3,3,2,3,3,3,5,4,2,4,5,3,2,4,1,5,4,5,1,4,3,5,2,5,5,5
193,Control,21,3,1,1,4,3,3,2,2,2,3,2,2,3,3,2,1,3,2,4,3,4,3,4,4,4,4,1,3,4,2,2,4,2,5,2,5,2,4,2,5,3,2,5,2,3,3,2,1,2,3,3,2,2,3,3,3,2,2,1,4,4,3,3,4,4,5,5,2,5,5,2,2,5,2,6,1,5,2,4,2,5,2,1,6,1
194,Direct,23,4,1,1,4,4,3,2,3,3,4,2,2,3,4,2,1,1,3,4,4,3,2,4,4,4,5,1,5,5,2,1,5,1,6,1,5,1,5,1,6,2,2,6,1,2,3,2,1,2,3,4,1,1,3,4,2,1,1,2,4,4,3,2,4,4,4,5,1,5,6,2,1,4,1,6,1,5,2,5,1,6,2,1,6,1
195,Indirect,22,3,1,1,4,3,2,2,3,4,3,1,2,3,3,3,1,1,2,3,3,2,2,4,4,4,4,2,4,5,2,2,4,2,5,2,4,2,4,3,5,2,2,6,2,4,3,2,2,3,4,3,1,2,3,3,3,2,2,3,2,3,3,3,3,3,4,4,2,4,5,2,2,4,2,5,2,4,2,5,3,5,2,2,6,2
196,Control,24,5,1,1,4,3,2,2,2,4,3,2,2,3,3,2,1,2,1,4,3,2,2,4,4,3,3,1,5,5,3,2,4,1,4,1,5,2,4,3,5,1,2,6,2,4,2,2,2,2,4,3,2,3,3,3,2,1,2,1,3,3,1,2,3,3,4,1,5,3,3,2,2,3,1,4,1,3,2,4,1,2,1,1,5,2
197,Direct,19,2,2,1,2,3,2,2,2,4,3,1,2,3,4,2,2,2,2,3,4,3,3,4,4,2,5,1,3,6,2,2,5,2,5,2,5,2,6,2,5,1,2,6,1,1,4,2,2,2,4,4,2,1,3,4,2,2,2,2,3,3,3,2,4,4,3,5,1,4,6,2,2,5,1,5,1,5,2,6,2,5,1,1,6,2
198,Indirect,20,2,2,2,2,4,2,1,2,4,4,2,3,4,4,3,2,3,3,3,3,2,3,4,4,4,4,3,5,5,3,3,4,3,4,3,5,5,5,2,6,2,3,5,1,3,3,3,2,3,4,3,2,3,4,3,2,2,3,2,4,3,3,2,4,4,5,4,3,5,4,3,3,2,5,5,3,5,5,5,3,5,3,3,6,2
199,Control,19,2,2,3,3,4,2,1,2,4,3,1,1,4,4,3,2,1,2,3,4,3,2,4,4,2,4,1,4,5,2,2,4,2,5,2,6,5,3,2,5,1,1,6,2,3,3,2,1,2,4,4,1,2,4,4,3,2,1,2,3,4,3,2,4,4,2,4,1,4,5,2,1,4,2,5,1,6,2,4,1,5,1,1,6,1
200,Direct,22,1,2,2,3,4,2,2,3,1,2,3,4,4,3,3,2,2,4,2,3,1,3,3,3,6,4,3,6,5,2,3,1,4,5,5,6,2,3,4,6,6,3,3,5,3,2,3,2,2,2,2,3,4,4,2,4,3,3,4,2,2,1,3,3,3,6,3,3,6,NA,4,4,1,4,4,5,4,3,2,3,4,5,5,3,6
201,Indirect,28,5,1,1,3,3,2,3,2,NA,2,2,3,2,3,3,3,4,4,3,3,3,3,3,4,3,6,3,3,5,4,4,4,4,3,4,4,4,3,3,4,4,4,3,4,1,3,3,2,2,3,2,3,3,3,2,3,3,3,3,3,3,3,3,3,3,4,4,3,3,4,4,2,4,4,4,3,3,3,4,4,3,4,4,4,4
202,Control,21,3,2,1,3,4,2,2,3,3,3,2,2,3,3,2,2,2,2,4,4,3,3,4,4,4,5,2,4,4,2,3,4,5,2,3,4,3,5,3,5,2,3,6,3,3,3,3,2,2,4,3,2,2,3,3,2,2,2,2,2,3,3,3,4,4,4,4,2,4,4,2,2,4,2,5,2,4,2,4,2,4,3,3,5,2
203,Direct,19,1,2,1,2,3,1,1,2,4,2,1,3,2,2,1,1,3,1,4,2,1,1,2,2,3,4,2,5,4,2,3,4,3,3,5,5,3,2,2,4,3,4,3,3,1,3,1,1,2,3,3,1,2,3,2,1,2,2,1,4,2,1,2,3,3,3,4,3,5,3,3,3,3,3,4,2,2,4,1,3,2,2,2,3,3
204,Indirect,20,2,1,1,4,3,4,3,4,2,2,3,4,2,2,3,2,3,4,1,2,4,3,2,2,2,4,5,1,2,3,6,2,5,2,5,2,5,1,6,3,6,5,2,4,4,2,3,3,4,2,2,4,3,2,2,3,3,4,3,3,2,4,3,2,2,2,3,5,1,2,4,5,3,6,2,5,3,5,2,5,2,6,5,2,3
205,Control,18,1,2,2,4,3,2,1,2,4,3,2,3,3,3,2,3,3,2,4,3,2,2,4,4,3,3,3,4,2,3,2,4,2,4,3,4,2,2,5,4,6,3,3,2,2,3,2,1,2,4,3,2,2,3,3,2,3,3,3,4,4,2,3,4,4,4,4,3,4,4,3,3,4,3,4,4,4,4,3,4,4,3,4,3,3
206,Direct,19,2,2,1,4,3,1,1,1,4,4,1,2,3,4,2,2,2,1,4,3,4,2,4,4,4,5,2,4,5,1,2,4,1,5,2,5,2,4,1,5,1,2,5,1,3,4,1,1,2,4,4,1,2,4,4,1,1,2,1,4,4,3,2,4,4,5,5,2,4,5,1,1,4,1,5,1,4,1,5,1,5,1,1,5,1
207,Indirect,20,2,1,1,3,3,2,3,2,4,2,3,2,3,3,2,3,3,3,3,2,3,4,3,3,2,3,3,4,4,3,2,4,2,3,3,4,3,5,3,4,2,2,5,4,2,3,2,2,2,3,3,2,2,3,3,2,2,3,2,3,2,3,3,3,3,2,4,2,4,4,3,3,4,3,4,3,4,3,5,3,4,2,2,5,3
208,Control,19,2,2,1,4,4,3,1,3,4,4,2,2,2,4,2,1,1,2,3,4,4,2,4,4,2,4,1,3,6,2,1,4,4,6,2,4,3,2,2,3,2,2,6,2,5,3,3,1,2,4,3,1,3,2,4,2,1,1,2,3,4,3,2,4,4,1,5,1,3,5,2,1,4,3,6,2,4,3,4,2,5,3,2,6,3
209,Direct,19,2,1,1,1,4,1,1,2,4,4,1,1,4,4,2,1,1,1,4,4,2,1,4,4,5,5,1,4,NA,2,1,5,2,5,2,5,2,5,1,5,1,2,5,2,1,4,1,1,1,4,4,1,1,4,4,1,1,1,1,4,4,2,1,4,4,5,5,2,5,5,2,2,5,2,5,2,5,2,5,1,5,2,2,6,2
210,Indirect,19,2,1,1,2,4,1,2,2,3,4,3,1,3,3,NA,1,1,3,4,4,1,4,4,4,5,5,1,5,6,2,2,4,2,5,2,4,4,5,2,6,1,1,6,1,4,3,1,1,2,3,4,2,1,3,3,1,2,1,2,3,4,1,4,4,4,6,5,1,6,5,1,1,5,1,6,1,5,5,6,1,6,1,1,6,1
211,Control,18,1,2,2,5,3,3,1,2,3,3,1,3,4,3,3,2,3,3,4,2,2,4,4,4,4,3,2,5,6,5,3,4,1,4,3,4,3,5,2,6,1,3,5,3,4,3,3,1,2,3,3,2,2,4,3,2,2,3,2,4,3,2,3,4,4,5,4,2,5,4,2,4,5,2,3,3,4,3,5,3,5,1,3,4,1
212,Direct,21,2,1,1,3,3,2,2,2,3,3,3,3,3,3,NA,3,2,3,3,4,4,4,3,4,1,6,4,4,4,3,4,4,3,4,4,5,3,5,4,5,2,3,4,3,1,3,2,2,3,3,3,3,2,4,3,3,2,2,3,4,3,4,4,3,3,2,6,2,5,5,3,4,5,3,5,3,5,3,5,4,5,1,3,4,2
213,Indirect,19,2,2,1,4,3,2,1,2,4,4,1,2,4,4,2,2,1,2,4,4,2,3,4,4,4,5,2,4,6,2,4,6,1,5,4,5,1,6,2,6,1,2,6,1,2,3,1,1,2,4,4,1,1,4,4,2,1,1,2,4,4,2,2,4,4,5,5,1,5,6,1,1,6,1,6,1,6,1,6,2,6,1,1,6,1
214,Control,18,1,2,1,3,3,4,3,4,3,3,4,3,2,2,4,3,3,3,2,3,3,4,3,3,2,4,4,2,3,3,4,3,4,4,4,3,4,3,5,4,3,3,4,4,3,3,3,3,3,3,2,3,3,2,2,4,2,3,3,2,2,3,3,3,2,2,3,3,2,4,4,4,3,4,2,4,3,4,3,4,3,4,4,4,4
215,Direct,21,2,2,1,4,4,3,2,4,3,2,3,4,2,2,3,2,4,4,3,2,4,4,3,3,3,5,2,2,3,4,5,2,5,5,4,3,3,2,4,3,4,5,3,4,2,4,2,2,3,3,2,3,3,3,3,2,2,3,4,3,2,3,4,3,2,3,5,2,4,3,4,4,2,5,3,5,3,4,2,5,4,5,5,4,2
216,Indirect,19,2,2,1,4,3,3,3,2,3,3,2,3,3,2,3,3,2,3,2,3,2,4,2,3,3,4,2,5,3,3,2,3,5,4,5,3,4,2,3,4,4,4,4,3,3,3,2,2,3,3,3,2,3,2,3,3,3,2,3,2,3,3,2,3,2,5,4,4,4,NA,3,4,5,3,4,3,4,3,4,3,5,3,4,5,3
217,Control,19,1,2,1,4,4,2,2,3,3,3,2,2,4,3,2,2,3,2,3,3,2,1,3,3,3,5,2,3,4,2,5,5,2,2,2,4,3,4,2,4,1,2,5,2,2,4,3,2,2,3,3,3,2,4,3,2,1,3,2,3,3,2,2,3,3,5,5,2,5,4,4,2,6,5,4,3,5,5,5,2,6,1,3,6,3
218,Direct,18,1,2,2,3,2,4,4,4,3,2,3,4,2,3,4,3,3,4,2,2,4,3,2,2,1,2,3,1,2,5,5,1,6,4,5,3,4,2,5,2,4,4,3,5,2,3,2,2,3,2,2,3,3,2,3,4,2,3,3,4,2,4,3,2,2,3,3,4,3,2,4,4,4,3,3,3,4,3,5,2,4,4,5,4,3
219,Indirect,19,1,2,2,4,3,2,3,3,2,2,3,2,2,2,2,3,4,2,3,1,4,2,1,2,1,2,4,4,2,4,5,4,3,5,4,4,2,4,3,4,5,3,2,4,4,2,3,3,3,2,2,2,3,2,3,3,3,3,3,3,2,3,2,3,2,2,3,4,3,3,3,4,4,4,3,3,3,4,4,3,4,5,4,2,3
220,Control,19,2,1,1,4,4,1,1,1,4,4,1,2,4,4,1,1,1,1,4,4,1,2,4,4,4,4,1,5,6,2,1,5,2,5,1,5,1,6,1,6,1,1,6,1,4,4,1,1,1,4,4,1,2,4,4,1,1,1,1,4,4,1,2,4,4,4,5,1,5,6,1,1,6,1,6,1,5,1,6,1,6,1,1,6,1
221,Direct,20,2,2,1,4,4,1,1,1,4,4,1,2,4,4,1,1,1,1,4,4,1,1,4,4,5,6,1,6,6,1,1,5,1,6,1,6,1,6,1,6,1,1,6,1,2,4,1,1,1,4,4,1,1,4,4,1,1,1,1,4,4,1,1,4,4,6,6,1,6,6,1,1,6,1,6,1,6,1,6,1,6,1,1,6,1
222,Indirect,19,2,1,1,2,4,1,1,2,4,4,1,1,4,4,1,1,2,2,4,4,3,2,4,4,5,4,1,4,6,3,1,4,1,5,1,5,1,5,2,6,1,1,6,1,2,4,1,1,1,4,4,1,1,4,4,1,1,1,1,4,4,1,1,4,4,5,4,1,5,6,2,1,6,1,6,1,6,1,5,2,6,1,2,6,2
223,Control,21,4,2,1,4,3,2,3,3,3,4,1,3,4,4,2,2,2,1,3,4,3,2,4,4,4,5,1,5,5,1,1,4,2,5,1,5,1,2,2,5,2,2,6,1,3,3,2,2,3,3,3,1,2,3,3,2,1,2,2,3,4,3,1,4,4,5,4,1,5,6,2,1,4,2,6,1,5,1,3,1,5,1,1,6,1
224,Direct,21,2,1,1,2,4,3,1,2,4,3,2,2,4,4,2,2,2,1,4,4,2,2,4,4,5,4,2,5,6,1,2,5,1,5,2,5,1,4,2,5,1,2,5,2,1,4,2,1,2,4,3,1,2,4,4,2,2,1,1,4,4,2,2,4,4,5,5,1,5,6,2,1,5,1,5,2,6,2,5,2,6,2,2,5,1
225,Indirect,20,1,2,1,5,3,2,3,2,4,3,3,3,2,3,3,2,3,2,3,3,4,2,3,3,5,4,3,5,4,4,3,2,5,4,4,4,5,4,5,4,4,3,3,3,5,3,2,3,3,3,4,3,2,2,3,2,3,3,2,3,3,4,2,3,3,2,4,3,5,3,4,3,4,3,4,3,4,4,3,4,4,3,4,4,3
226,Control,22,4,2,1,2,3,1,1,1,3,3,1,1,3,3,2,2,1,1,4,3,2,1,4,4,3,5,1,5,6,1,2,5,1,6,2,6,1,6,1,5,1,1,6,1,2,4,1,1,1,3,4,1,1,3,4,2,1,1,1,4,4,2,2,4,4,4,5,1,5,6,1,1,5,1,6,1,5,1,6,1,6,1,1,6,1
227,Direct,21,4,2,1,4,3,2,2,2,3,2,2,2,4,2,1,2,3,2,3,2,3,2,3,3,3,4,2,3,4,2,2,3,2,4,3,4,2,4,2,4,1,2,5,2,3,3,2,2,2,4,3,2,1,3,3,2,2,1,2,3,3,4,2,4,3,3,4,1,4,4,2,2,4,2,4,2,5,1,4,3,4,1,2,4,1
228,Indirect,18,1,1,1,4,2,3,3,4,3,2,1,2,3,3,3,2,2,3,2,3,4,4,3,3,1,3,2,3,4,4,5,3,4,4,4,3,5,5,5,4,4,4,2,3,3,3,3,3,3,2,3,2,3,3,4,3,1,2,3,2,4,4,3,3,3,2,2,2,3,4,4,4,3,4,5,3,2,5,6,4,4,3,NA,4,4
229,Control,19,2,2,2,5,4,1,1,1,4,4,1,2,4,4,2,NA,1,1,4,4,2,2,4,4,5,5,2,5,6,2,1,5,2,5,2,5,2,5,3,5,2,2,5,2,4,4,1,1,1,4,4,1,3,4,4,1,1,1,1,4,4,2,2,4,4,5,5,2,5,6,2,2,5,2,5,2,5,2,5,2,5,2,2,5,2
230,Direct,19,2,2,1,3,4,2,1,1,4,4,1,1,3,4,2,1,1,1,4,4,3,1,4,4,4,4,2,4,5,1,1,4,1,5,1,5,1,5,2,4,1,1,6,1,1,4,1,1,1,4,4,1,1,4,4,1,1,1,1,4,4,2,1,4,4,4,4,1,4,6,1,1,4,1,6,1,5,4,4,2,4,1,1,6,2
231,Indirect,19,1,2,1,3,3,1,1,2,3,3,1,2,3,3,3,2,1,2,3,3,4,1,3,3,3,4,2,4,4,3,2,5,2,5,4,5,3,4,1,5,3,3,4,1,2,3,1,1,2,4,4,1,1,4,3,2,2,1,1,3,3,3,1,3,3,5,4,2,4,5,2,2,5,2,5,2,5,2,5,1,5,2,2,5,2
232,Control,29,4,1,1,3,4,3,2,3,2,4,2,3,4,3,3,1,4,3,3,2,3,3,3,2,5,6,2,6,5,2,3,5,2,3,4,5,4,6,1,6,2,4,5,1,1,4,3,2,3,2,4,1,3,4,4,3,2,4,2,3,3,2,NA,3,2,5,6,2,5,5,2,2,5,2,4,2,4,2,6,NA,6,1,3,5,1
233,Direct,21,4,2,1,4,4,2,2,2,4,4,2,3,4,4,2,2,2,2,4,4,1,3,4,4,5,5,2,5,5,2,2,5,2,5,2,6,2,6,2,6,1,2,6,1,2,4,1,1,2,4,4,1,3,4,4,1,1,2,2,4,4,1,2,4,4,5,5,1,5,6,2,1,5,1,5,1,5,2,5,1,6,1,1,6,1
234,Indirect,19,2,2,1,3,4,3,2,2,4,3,2,2,3,3,2,2,2,2,3,3,3,2,3,4,2,4,2,3,5,3,2,4,3,5,3,4,3,2,3,5,2,3,5,2,2,2,3,3,2,3,2,3,3,3,3,3,3,3,3,3,3,3,3,3,3,3,4,3,4,3,3,3,5,4,5,3,5,3,5,3,5,2,2,5,3
235,Control,18,1,2,2,3,4,2,1,2,4,3,1,1,3,3,2,2,3,2,4,4,3,1,4,4,4,5,1,5,6,1,1,6,1,5,2,6,1,4,2,5,2,1,6,1,3,4,2,1,2,4,3,1,2,3,3,1,2,1,2,4,4,3,2,4,4,6,5,1,4,5,1,2,6,1,5,2,6,2,4,1,6,1,2,6,2
236,Direct,19,1,2,1,5,4,4,3,4,4,4,4,4,4,3,3,4,4,4,4,3,3,4,4,1,5,5,6,5,3,4,4,4,4,5,6,2,4,5,6,4,2,3,6,6,2,3,2,2,3,4,4,3,3,2,3,1,3,2,2,3,2,1,3,3,3,4,4,4,3,4,3,4,5,1,3,2,2,3,4,2,3,3,4,5,1
237,Indirect,19,2,2,1,3,4,3,2,2,4,4,1,2,4,4,2,2,3,2,4,4,2,3,4,4,5,5,2,5,6,2,2,5,2,5,2,6,2,6,2,6,1,1,6,1,3,3,3,2,2,4,4,2,2,4,4,2,1,2,2,4,3,2,2,4,4,5,5,1,5,5,2,1,5,1,5,2,6,1,5,1,6,1,1,6,1
238,Control,20,2,2,1,1,2,4,4,4,4,2,4,3,2,2,2,2,4,4,2,1,3,4,1,1,2,3,2,4,1,5,5,4,3,2,6,4,3,1,5,4,5,5,4,4,1,2,4,4,4,4,3,4,2,2,2,3,3,3,2,2,2,3,3,2,2,3,3,2,3,2,4,3,4,3,2,5,3,3,1,5,3,5,5,3,4
239,Direct,19,2,1,1,3,3,4,4,4,3,1,2,3,4,3,1,1,4,1,3,2,1,3,3,3,5,6,2,5,3,3,4,4,4,3,4,3,3,5,4,5,2,4,5,3,3,3,4,3,3,3,2,3,3,4,2,1,2,4,1,2,2,1,3,2,2,5,5,3,5,2,2,5,4,5,1,5,2,5,5,5,5,4,6,4,3
240,Indirect,19,2,2,1,2,4,2,2,2,4,4,1,3,4,4,2,2,3,2,3,4,3,2,4,4,4,4,1,4,5,2,1,4,2,5,2,5,2,3,2,5,2,2,5,2,2,4,2,2,2,4,3,2,3,3,4,2,2,2,2,4,4,3,2,4,4,5,4,6,5,5,2,2,5,2,5,2,5,2,4,3,5,2,2,6,2
241,Control,18,1,2,1,4,3,3,2,3,3,3,4,2,3,3,3,3,2,3,2,3,3,2,4,4,2,4,3,3,3,2,1,4,3,4,3,4,2,3,3,5,4,3,3,4,3,3,3,3,3,3,3,3,2,3,3,3,3,3,3,3,3,3,3,4,4,4,4,3,3,3,4,4,4,3,4,2,4,3,3,3,4,3,2,3,3
242,Direct,19,1,2,1,5,3,4,3,4,4,4,3,2,3,4,3,2,3,4,2,4,4,3,3,3,3,5,1,4,4,5,6,4,5,5,5,4,5,5,6,5,4,4,6,4,3,3,3,2,3,4,3,3,2,3,3,3,2,2,2,3,4,3,2,3,3,4,3,2,5,4,4,4,5,4,6,4,5,5,5,5,6,4,3,6,4
243,Indirect,27,2,1,1,4,3,2,2,2,3,3,2,3,3,4,3,2,2,2,3,3,4,3,4,4,3,3,2,2,4,5,3,3,3,5,4,4,3,4,5,4,3,3,5,3,3,3,2,2,2,4,3,2,3,3,4,3,2,2,3,3,3,4,3,4,4,3,3,2,2,4,4,3,4,3,5,3,3,3,5,5,5,4,3,6,2
244,Control,21,3,1,1,3,4,2,2,2,4,4,1,3,4,4,2,1,2,2,4,4,2,3,4,4,5,4,1,5,6,3,2,5,2,5,3,4,3,4,2,6,2,1,5,3,1,4,2,1,2,4,3,2,3,4,4,2,2,1,2,4,4,2,1,4,4,5,5,1,5,6,1,2,6,2,5,2,5,2,6,3,6,2,2,5,2
245,Direct,21,3,2,1,3,4,1,1,2,4,3,2,3,4,4,2,3,1,2,4,3,1,3,4,4,4,4,2,5,5,2,2,3,2,4,2,5,2,6,2,4,1,3,4,1,3,4,1,1,2,4,3,1,2,4,4,2,2,1,2,4,4,1,2,3,4,5,4,2,6,6,2,2,5,1,5,1,5,2,6,2,5,1,2,4,1
246,Indirect,20,2,1,1,4,3,2,1,2,4,3,1,2,4,4,4,1,2,1,4,3,3,2,3,3,1,3,2,4,5,2,4,3,4,4,3,5,2,5,2,5,2,2,5,2,3,2,1,1,2,4,3,2,2,3,4,1,1,2,1,4,3,4,2,3,4,3,3,2,4,5,2,2,5,2,5,3,5,2,6,2,5,1,3,5,2
247,Control,23,3,2,1,4,3,2,1,1,4,3,3,2,4,4,2,2,2,1,4,3,2,1,4,4,6,5,1,5,5,1,1,6,1,5,1,6,1,5,1,6,1,1,6,1,2,4,1,1,1,4,3,1,2,4,4,1,4,1,1,4,4,2,1,4,4,5,5,1,5,6,1,1,6,2,5,1,6,1,6,1,6,1,1,6,1
248,Direct,20,2,1,1,2,4,1,1,1,4,4,1,1,4,4,1,1,1,1,4,4,2,1,4,4,5,5,1,6,6,1,1,5,1,6,1,5,1,6,1,6,1,1,6,1,1,4,1,1,1,4,4,1,1,4,4,1,1,1,1,4,4,2,1,4,4,5,6,1,6,6,1,1,6,1,6,1,5,6,6,1,6,1,1,6,1
249,Indirect,21,3,1,1,3,4,2,1,2,4,3,1,1,3,4,1,1,1,2,4,4,3,2,4,4,5,4,2,5,5,2,1,4,1,6,2,6,1,5,2,5,1,1,5,2,2,4,1,1,1,4,4,1,1,4,4,1,1,2,2,4,4,2,1,4,4,6,5,1,6,6,1,1,6,1,6,1,6,1,5,1,6,1,1,5,1
250,Direct,18,1,2,1,4,4,2,2,3,3,3,2,2,3,3,2,2,2,1,3,3,3,3,4,3,4,4,2,4,4,3,2,5,2,4,3,5,3,4,2,4,3,3,4,2,2,4,2,1,2,3,4,1,2,3,3,2,2,2,1,4,3,3,2,4,3,5,4,2,4,5,3,2,4,2,4,2,5,2,5,2,5,2,3,4,2
251,Indirect,19,1,1,1,5,3,2,1,1,4,3,1,2,4,3,3,1,1,1,4,4,1,1,4,4,4,4,1,4,6,2,1,5,1,6,3,5,5,6,2,6,1,2,5,1,3,4,2,1,1,4,3,1,3,4,4,2,1,1,1,4,3,2,1,4,4,5,4,1,3,6,3,2,5,2,4,2,5,2,6,2,6,1,1,5,1
252,Control,19,1,1,1,5,3,2,3,2,4,4,2,2,4,4,3,3,3,3,2,3,3,3,2,3,5,4,3,4,5,4,3,4,4,4,4,5,5,4,5,6,5,4,5,2,5,3,3,3,3,3,4,2,2,4,4,2,2,3,2,2,3,2,3,3,3,5,4,3,5,4,4,3,4,4,4,4,4,3,5,5,6,4,4,5,3
253,Direct,19,1,2,1,3,4,1,1,2,4,3,2,2,3,4,2,2,2,1,3,3,3,2,3,3,2,4,5,5,6,3,2,4,2,5,2,5,2,3,2,5,1,3,6,2,3,4,2,1,2,4,3,2,3,4,4,1,1,1,1,3,4,3,2,4,4,3,4,4,5,5,3,2,4,1,5,2,5,5,3,2,6,1,3,5,3
254,Indirect,18,1,2,1,3,3,1,1,2,4,4,1,1,4,4,2,1,1,2,2,4,4,3,3,4,4,5,2,4,4,3,1,5,3,5,3,5,3,4,3,5,4,3,5,1,3,3,1,1,2,4,3,1,1,4,3,2,1,1,1,3,4,4,2,4,4,4,4,1,4,4,2,1,5,3,5,2,5,3,4,2,5,4,3,5,3
255,Control,19,2,2,1,4,3,4,3,4,3,2,3,2,3,2,4,3,2,4,3,2,4,3,3,2,2,4,3,4,3,4,5,3,4,2,4,4,4,5,4,4,5,4,2,3,4,2,3,3,4,3,2,3,2,3,2,4,3,4,3,3,2,4,3,2,2,2,2,5,3,3,4,5,3,4,2,4,4,4,4,4,3,5,4,2,4
256,Direct,19,1,2,1,1,3,3,2,3,3,3,2,3,2,3,3,3,4,4,3,2,2,4,3,3,5,4,2,5,3,4,4,4,4,4,4,4,3,3,5,5,4,3,6,2,1,3,2,2,2,3,3,1,2,2,4,2,1,3,3,3,2,2,3,3,4,5,4,2,5,5,4,3,5,4,4,4,4,3,5,4,5,4,3,6,3
257,Indirect,20,2,1,1,4,4,3,1,1,4,3,2,2,3,4,1,1,1,1,4,4,3,2,4,4,4,5,1,3,6,1,2,4,1,5,1,5,2,6,2,5,2,1,6,1,2,4,1,1,1,4,4,1,1,4,4,1,1,1,1,4,4,3,2,4,4,5,6,1,5,6,1,1,6,1,5,1,6,1,6,2,5,1,2,6,1
258,Control,20,1,2,1,2,4,2,1,1,4,4,1,1,3,4,1,1,2,1,4,4,3,1,4,4,4,5,1,5,6,2,2,6,1,6,2,5,2,6,1,6,2,2,6,1,1,4,1,2,2,4,4,2,1,4,4,2,1,2,1,4,3,3,1,4,4,5,5,1,6,6,2,1,5,1,5,2,5,2,6,2,6,1,1,6,1
259,Direct,20,3,2,1,4,3,1,1,2,4,4,2,2,4,3,1,2,2,3,4,3,2,2,4,4,3,4,2,5,5,3,3,NA,1,4,2,6,2,5,2,5,1,2,5,1,3,4,1,1,2,4,3,2,1,4,4,1,1,2,1,4,3,1,2,4,4,3,4,2,5,5,2,2,6,1,5,2,6,1,6,2,5,1,2,5,1
260,Indirect,19,2,1,1,3,3,2,2,2,3,3,3,3,2,4,2,3,3,2,3,3,3,2,3,3,4,4,2,3,4,3,3,5,2,4,3,4,4,5,2,4,2,3,4,3,2,3,2,2,2,4,3,3,3,2,3,3,2,2,2,3,3,3,3,3,3,4,5,2,3,4,2,2,4,2,3,2,4,4,5,2,4,2,2,4,2
261,Control,36,3,2,1,4,3,1,1,1,4,3,1,2,4,4,1,1,1,1,4,3,3,2,4,4,5,5,1,6,6,1,1,5,2,5,1,5,2,5,1,6,1,1,5,1,2,3,1,1,1,4,4,1,1,4,4,1,1,1,1,4,4,3,2,4,4,5,5,1,5,6,1,1,5,1,5,1,4,4,5,1,5,2,1,6,1
262,Direct,22,3,2,1,3,4,3,3,3,4,4,1,2,4,4,2,1,1,2,3,4,3,2,4,4,5,5,1,4,5,2,1,4,1,6,2,5,1,6,1,5,2,1,6,1,1,NA,2,1,2,4,4,1,1,4,4,2,2,1,1,3,3,3,1,4,4,4,6,1,5,6,1,1,4,1,6,1,5,1,5,1,6,2,1,6,1
263,Indirect,19,1,2,1,4,4,3,2,2,4,4,2,2,3,4,2,2,2,2,4,3,3,2,4,4,5,5,1,4,4,2,1,5,2,4,2,5,5,3,2,4,1,2,6,1,4,3,2,2,3,4,4,2,2,3,4,2,2,2,2,3,4,3,2,3,4,5,5,1,4,4,2,1,5,2,5,2,4,1,3,4,5,1,2,6,2
264,Control,19,1,2,1,4,4,2,1,3,4,4,1,2,4,4,2,1,2,2,4,4,3,2,4,4,4,3,1,3,5,2,1,5,1,6,2,5,1,4,1,5,2,2,6,1,4,4,1,1,2,4,4,1,1,4,4,1,1,2,2,4,4,3,2,4,4,5,5,1,4,6,2,1,5,1,5,2,5,1,4,1,5,1,1,6,1
265,Direct,18,1,1,1,2,3,4,2,3,3,2,2,4,3,3,4,2,3,3,2,2,2,3,4,4,5,4,3,4,4,2,4,4,3,3,2,2,2,4,1,5,3,5,5,1,1,3,3,1,2,3,3,2,2,3,2,2,1,3,3,2,2,3,2,4,4,5,5,2,5,3,1,1,5,1,3,2,2,1,6,2,6,1,4,5,2
266,Indirect,18,1,1,1,2,3,2,2,2,3,4,3,2,3,4,3,2,3,2,3,2,4,3,3,3,1,3,2,1,5,3,2,4,2,3,2,4,3,4,4,4,2,2,6,4,1,3,2,2,2,3,3,3,3,3,4,3,2,3,2,3,3,3,3,3,4,1,3,2,1,4,2,2,3,2,4,NA,4,3,4,3,4,3,2,5,4
267,Control,19,2,2,1,5,3,3,2,2,4,3,2,3,3,3,2,3,2,2,4,3,3,2,4,4,4,4,1,4,4,3,3,5,2,5,3,4,3,4,3,5,1,1,5,1,3,4,2,1,2,4,4,2,2,3,4,2,2,2,2,4,2,2,2,4,4,4,5,2,5,5,1,2,5,1,4,3,5,5,6,2,5,1,2,4,1
268,Direct,20,2,2,1,3,2,4,4,4,2,2,3,4,2,2,4,4,4,4,2,2,4,4,2,2,2,4,6,3,2,4,6,2,5,4,5,2,5,2,4,2,4,4,1,4,2,3,4,4,4,3,3,3,4,2,3,3,3,2,4,3,3,3,3,2,3,2,4,4,3,2,4,3,2,4,4,4,2,4,2,4,3,4,4,2,2
269,Indirect,21,4,2,1,4,3,3,1,2,3,2,2,3,3,2,3,2,3,3,3,2,4,3,4,4,5,4,2,3,4,5,3,5,4,6,4,2,5,2,3,5,3,2,5,2,2,2,3,1,2,3,2,2,3,3,3,3,2,2,3,3,3,3,4,3,3,5,4,2,4,3,4,2,5,2,5,4,3,5,2,2,5,3,5,6,4
270,Control,24,5,2,1,2,3,2,2,2,4,4,2,2,4,4,2,1,2,2,3,3,3,2,4,4,4,4,1,2,5,2,2,5,2,5,2,5,2,4,2,4,3,2,5,2,3,4,2,2,2,4,4,2,2,3,3,2,2,2,2,3,3,3,2,4,4,3,4,2,4,5,2,2,5,2,4,2,5,2,4,2,4,3,2,5,2
271,Direct,23,4,1,1,2,3,3,3,4,4,2,3,4,3,2,3,3,4,3,4,2,3,4,3,3,5,5,3,3,3,3,5,5,5,3,4,4,3,5,5,4,6,3,5,3,1,3,3,3,3,4,2,3,4,3,3,2,3,4,3,4,2,3,3,4,4,4,5,3,3,4,4,5,5,4,3,4,4,5,5,4,4,5,3,4,3
272,Indirect,18,1,2,1,3,4,3,3,3,4,3,2,3,3,3,4,2,3,2,3,3,3,2,3,3,2,3,2,4,5,4,3,4,5,4,5,5,4,6,4,5,3,3,5,2,1,3,2,2,3,4,3,2,3,4,3,3,2,3,3,3,3,3,2,3,3,3,4,2,4,5,3,3,4,4,5,3,4,3,5,4,5,3,4,5,2
273,Control,19,2,2,1,2,3,3,1,1,4,4,1,1,3,4,2,2,2,1,3,4,3,2,4,4,4,4,1,4,6,2,2,5,2,5,2,6,2,5,2,5,2,2,6,1,1,3,2,1,1,4,4,2,2,3,4,2,2,1,1,3,4,3,2,4,4,4,5,1,5,6,2,2,5,2,5,2,5,2,5,2,5,2,2,5,2
274,Direct,18,1,1,1,3,4,2,3,3,4,3,2,2,3,4,2,2,3,2,3,3,3,3,3,3,3,4,2,3,5,3,3,4,3,5,3,4,3,4,3,5,2,3,5,2,1,4,2,2,3,4,4,2,2,4,4,2,2,2,2,3,4,3,2,4,4,4,4,2,4,5,2,2,4,2,5,2,5,2,4,2,5,2,2,5,1
275,Indirect,20,2,1,1,4,4,3,1,1,4,4,2,3,3,3,2,3,2,1,4,3,4,3,3,3,4,5,1,5,5,2,2,3,1,5,2,5,3,5,2,5,1,2,6,2,3,3,2,2,2,4,4,1,3,3,4,2,3,2,2,4,4,3,2,4,4,4,5,1,5,5,2,2,4,1,5,2,5,2,5,2,5,1,2,6,1
276,Control,18,1,2,1,1,4,2,2,3,4,4,3,2,4,3,3,3,2,3,3,3,3,3,4,4,4,5,2,4,6,2,3,4,3,4,4,5,1,5,2,5,1,1,6,2,1,4,2,1,3,4,3,3,2,4,4,2,2,2,2,4,3,3,3,4,4,4,5,1,4,5,2,1,5,2,5,2,5,1,5,1,5,1,1,6,1
277,Direct,19,2,2,1,4,3,3,3,2,4,4,2,2,3,3,3,1,3,3,1,3,3,3,4,2,4,4,3,3,5,3,2,5,2,6,2,5,5,4,2,5,4,3,6,2,3,3,2,2,3,4,3,2,2,3,3,2,1,3,2,2,3,2,2,3,3,4,4,3,4,4,2,3,5,3,5,3,5,5,5,2,5,3,2,5,3
278,Indirect,19,2,2,1,3,3,2,1,2,3,3,3,2,4,3,4,4,4,2,2,3,4,3,3,4,2,4,3,4,4,2,2,1,3,5,3,4,2,4,2,5,1,3,4,4,3,3,2,2,1,3,3,2,3,4,3,3,3,3,2,3,3,3,3,3,3,2,4,2,2,4,1,4,2,2,5,4,3,4,5,2,3,1,4,1,5
279,Control,21,4,1,1,3,3,1,1,1,4,4,1,3,4,4,2,1,2,1,4,3,2,2,3,4,4,5,2,5,5,1,2,4,1,5,1,5,3,6,1,5,1,1,5,1,3,3,2,2,2,3,3,1,2,4,3,1,1,2,2,3,3,1,2,3,3,5,4,2,5,4,1,1,4,1,4,2,4,2,5,1,6,1,2,4,2
280,Direct,22,2,2,1,3,4,3,1,2,4,3,2,2,4,3,2,2,3,2,3,3,3,3,4,4,3,4,1,4,5,3,2,3,3,4,4,5,2,4,2,5,3,2,6,1,2,3,2,1,2,4,3,1,2,3,4,2,2,2,2,3,4,3,2,4,4,4,4,1,4,4,3,3,5,2,5,2,5,3,5,1,5,1,2,6,2
281,Indirect,21,3,1,1,2,4,2,1,2,4,4,1,2,3,4,2,2,1,2,3,4,2,2,4,4,5,4,1,5,5,2,1,6,1,5,1,6,1,6,4,5,1,1,6,1,2,4,2,1,1,4,4,1,1,3,4,2,4,1,1,3,4,2,1,4,4,5,4,1,5,6,3,1,6,2,6,2,5,1,6,5,6,1,1,6,1
282,Control,20,3,1,1,2,4,3,2,1,4,4,3,2,3,4,1,1,1,1,4,4,2,2,4,4,5,4,1,5,5,1,1,5,1,5,1,6,1,4,1,6,1,3,6,1,3,4,1,1,1,4,4,1,2,4,4,1,2,1,1,4,4,1,2,4,4,5,5,1,5,5,1,1,5,1,5,1,5,1,5,1,5,1,1,6,1
283,Direct,19,1,2,1,4,2,4,3,4,4,3,2,3,3,3,3,3,2,4,2,4,3,3,4,4,2,5,1,6,3,2,2,4,2,5,3,5,2,4,2,5,3,3,5,1,2,3,2,2,3,4,3,2,2,4,3,2,2,2,2,3,3,2,3,3,3,3,5,2,5,4,3,3,4,3,5,2,5,2,4,2,4,3,3,5,2
300,Indirect,19,2,2,2,2,3,2,2,2,3,3,2,2,3,3,2,2,3,2,3,3,2,2,3,3,4,5,3,5,5,3,3,5,3,5,3,5,4,5,2,5,3,3,5,3,3,3,2,2,1,4,3,2,2,4,3,2,2,3,2,3,4,3,2,3,3,4,5,3,5,4,3,3,5,2,5,2,5,2,5,2,5,2,2,4,2
